head_x, head_y, shoulder_center_x, shoulder_center_y, spine_x, spine_y, hip center_x, hip center_y, shoulder left_x, shoulder left_y, elbow left_x, elbow left_y, wrist left_x, wrist left_y, hand left_x, hand left_y, shoulder right_x, shoulder right_y, elbow right_x, elbow right_y, wrist right_x, wrist right_y, hand right_x, hand right_y, hip left_x, hip left_y, knee left_x, knee left_y, ankle left_x, ankle left_y, foot left_x, foot left_y, hip right_x, hip right_y, knee right_x, knee right_y, ankle right_x, ankle right_y, foot right_x, foot right_y
516, 130, 523, 156, 531, 199, 533, 206, 494, 171, 494, 193, 483, 217, 481, 228, 549, 165, 574, 188, 581, 215, 583, 236, 523, 217, 520, 278, 525, 324, 522, 333, 546, 215, 553, 278, 557, 326, 553, 337
263, 58, 267, 72, 271, 95, 272, 99, 251, 80, 251, 92, 245, 105, 244, 111, 281, 77, 294, 89, 298, 104, 299, 115, 267, 105, 265, 138, 268, 163, 266, 168, 279, 104, 283, 138, 285, 164, 283, 170
516, 130, 523, 156, 531, 201, 533, 208, 496, 171, 494, 191, 483, 217, 481, 228, 549, 165, 574, 188, 581, 215, 583, 236, 523, 217, 520, 278, 525, 324, 522, 333, 546, 217, 553, 278, 557, 328, 553, 337
263, 58, 267, 72, 271, 96, 272, 100, 252, 80, 251, 91, 245, 105, 244, 111, 281, 77, 294, 89, 298, 104, 299, 115, 267, 105, 265, 138, 268, 163, 266, 168, 279, 105, 283, 138, 285, 165, 283, 170
516, 130, 523, 156, 531, 201, 533, 208, 496, 171, 494, 191, 483, 217, 481, 228, 549, 165, 574, 188, 581, 215, 583, 236, 523, 217, 520, 278, 525, 324, 522, 333, 546, 217, 553, 278, 557, 328, 553, 337
263, 58, 267, 72, 271, 96, 272, 100, 252, 80, 251, 91, 245, 105, 244, 111, 281, 77, 294, 89, 298, 104, 299, 115, 267, 105, 265, 138, 268, 163, 266, 168, 279, 105, 283, 138, 285, 165, 283, 170
516, 130, 523, 156, 531, 201, 533, 210, 496, 171, 494, 191, 483, 217, 481, 230, 549, 165, 574, 188, 581, 215, 583, 236, 523, 219, 520, 278, 525, 324, 522, 333, 546, 217, 553, 278, 557, 328, 553, 337
263, 58, 267, 72, 271, 96, 272, 101, 252, 80, 251, 91, 245, 105, 244, 112, 281, 77, 294, 89, 298, 104, 299, 115, 267, 106, 265, 138, 268, 163, 266, 168, 279, 105, 283, 138, 285, 165, 283, 170
516, 130, 523, 156, 531, 201, 533, 210, 496, 171, 494, 191, 483, 217, 481, 230, 549, 165, 574, 188, 581, 217, 583, 236, 523, 219, 520, 278, 525, 324, 522, 333, 546, 219, 553, 278, 557, 328, 553, 337
263, 58, 267, 72, 271, 96, 272, 101, 252, 80, 251, 91, 245, 105, 244, 112, 281, 77, 294, 89, 298, 105, 299, 115, 267, 106, 265, 138, 268, 163, 266, 168, 279, 106, 283, 138, 285, 165, 283, 170
516, 130, 523, 156, 531, 201, 533, 210, 496, 171, 494, 191, 483, 219, 481, 232, 549, 165, 574, 188, 581, 217, 583, 236, 523, 219, 520, 278, 525, 324, 522, 331, 546, 219, 553, 278, 557, 328, 553, 337
263, 58, 267, 72, 271, 96, 272, 101, 252, 80, 251, 91, 245, 106, 244, 113, 281, 77, 294, 89, 298, 105, 299, 115, 267, 106, 265, 138, 268, 163, 266, 167, 279, 106, 283, 138, 285, 165, 283, 170
516, 130, 523, 156, 531, 201, 533, 210, 497, 171, 494, 191, 483, 219, 481, 232, 549, 165, 574, 188, 581, 217, 583, 236, 523, 219, 520, 278, 525, 324, 522, 331, 546, 219, 551, 278, 557, 328, 553, 337
263, 58, 267, 72, 271, 96, 272, 101, 253, 80, 251, 91, 245, 106, 244, 113, 281, 77, 294, 89, 298, 105, 299, 115, 267, 106, 265, 138, 268, 163, 266, 167, 279, 106, 282, 138, 285, 165, 283, 170
516, 130, 523, 156, 531, 201, 533, 210, 497, 171, 494, 193, 483, 219, 481, 234, 549, 165, 574, 188, 581, 217, 581, 236, 523, 219, 520, 278, 525, 322, 522, 331, 546, 219, 551, 278, 557, 328, 553, 337
263, 58, 267, 72, 271, 96, 272, 101, 253, 80, 251, 92, 245, 106, 244, 114, 281, 77, 294, 89, 298, 105, 298, 115, 267, 106, 265, 138, 268, 162, 266, 167, 279, 106, 282, 138, 285, 165, 283, 170
516, 130, 523, 156, 531, 201, 533, 210, 497, 171, 494, 193, 483, 221, 481, 235, 549, 165, 574, 189, 581, 217, 581, 236, 523, 219, 520, 278, 525, 324, 522, 331, 546, 219, 551, 278, 557, 328, 553, 337
263, 58, 267, 72, 271, 96, 272, 101, 253, 80, 251, 92, 245, 107, 244, 115, 281, 77, 294, 90, 298, 105, 298, 115, 267, 106, 265, 138, 268, 163, 266, 167, 279, 106, 282, 138, 285, 165, 283, 170
516, 130, 523, 156, 531, 201, 533, 210, 497, 171, 494, 193, 483, 223, 481, 235, 549, 165, 574, 189, 581, 219, 581, 237, 523, 219, 520, 278, 525, 324, 522, 331, 546, 219, 551, 278, 557, 328, 553, 337
263, 58, 267, 72, 271, 96, 272, 101, 253, 80, 251, 92, 245, 108, 244, 115, 281, 77, 294, 90, 298, 106, 298, 116, 267, 106, 265, 138, 268, 163, 266, 167, 279, 106, 282, 138, 285, 165, 283, 170
514, 130, 523, 156, 531, 201, 533, 210, 497, 171, 494, 193, 483, 223, 481, 237, 549, 165, 574, 189, 581, 219, 581, 237, 523, 219, 520, 278, 525, 324, 522, 331, 546, 219, 551, 278, 557, 328, 553, 337
262, 58, 267, 72, 271, 96, 272, 101, 253, 80, 251, 92, 245, 108, 244, 116, 281, 77, 294, 90, 298, 106, 298, 116, 267, 106, 265, 138, 268, 163, 266, 167, 279, 106, 282, 138, 285, 165, 283, 170
514, 130, 523, 156, 531, 201, 533, 210, 497, 171, 494, 193, 483, 223, 481, 239, 549, 165, 574, 189, 581, 219, 581, 237, 523, 219, 520, 278, 525, 324, 522, 331, 546, 219, 551, 278, 557, 328, 553, 337
262, 58, 267, 72, 271, 96, 272, 101, 253, 80, 251, 92, 245, 108, 244, 117, 281, 77, 294, 90, 298, 106, 298, 116, 267, 106, 265, 138, 268, 163, 266, 167, 279, 106, 282, 138, 285, 165, 283, 170
514, 130, 523, 156, 531, 201, 533, 212, 497, 171, 494, 195, 483, 224, 481, 239, 549, 165, 574, 189, 581, 219, 581, 237, 523, 219, 520, 278, 525, 324, 522, 331, 546, 219, 551, 278, 557, 328, 553, 337
262, 58, 267, 72, 271, 96, 272, 102, 253, 80, 251, 93, 245, 109, 244, 117, 281, 77, 294, 90, 298, 106, 298, 116, 267, 106, 265, 138, 268, 163, 266, 167, 279, 106, 282, 138, 285, 165, 283, 170
514, 130, 523, 156, 531, 201, 533, 212, 497, 171, 492, 195, 483, 224, 481, 239, 549, 165, 574, 189, 581, 219, 581, 237, 523, 221, 520, 278, 525, 324, 522, 331, 546, 219, 551, 278, 557, 328, 553, 337
262, 58, 267, 72, 271, 96, 272, 102, 253, 80, 250, 93, 245, 109, 244, 117, 281, 77, 294, 90, 298, 106, 298, 116, 267, 107, 265, 138, 268, 163, 266, 167, 279, 106, 282, 138, 285, 165, 283, 170
514, 130, 523, 156, 531, 202, 533, 212, 497, 171, 492, 195, 483, 226, 479, 239, 549, 165, 575, 189, 581, 221, 581, 237, 523, 221, 520, 278, 525, 324, 522, 331, 544, 219, 551, 278, 557, 328, 553, 337
262, 58, 267, 72, 271, 97, 272, 102, 253, 80, 250, 93, 245, 110, 243, 117, 281, 77, 295, 90, 298, 107, 298, 116, 267, 107, 265, 138, 268, 163, 266, 167, 278, 106, 282, 138, 285, 165, 283, 170
514, 130, 523, 156, 531, 202, 533, 212, 497, 171, 492, 195, 483, 226, 481, 239, 549, 165, 575, 189, 581, 221, 581, 237, 523, 221, 520, 278, 525, 324, 522, 331, 544, 219, 551, 278, 557, 328, 553, 337
262, 58, 267, 72, 271, 97, 272, 102, 253, 80, 250, 93, 245, 110, 244, 117, 281, 77, 295, 90, 298, 107, 298, 116, 267, 107, 265, 138, 268, 163, 266, 167, 278, 106, 282, 138, 285, 165, 283, 170
514, 130, 523, 156, 531, 202, 533, 212, 497, 171, 492, 195, 483, 226, 481, 241, 549, 165, 575, 189, 581, 221, 581, 237, 523, 221, 520, 278, 525, 324, 522, 331, 544, 219, 551, 278, 557, 328, 553, 337
262, 58, 267, 72, 271, 97, 272, 102, 253, 80, 250, 93, 245, 110, 244, 118, 281, 77, 295, 90, 298, 107, 298, 116, 267, 107, 265, 138, 268, 163, 266, 167, 278, 106, 282, 138, 285, 165, 283, 170
514, 130, 523, 156, 531, 202, 533, 212, 497, 171, 492, 197, 483, 226, 481, 241, 548, 165, 575, 191, 581, 221, 581, 237, 523, 221, 518, 278, 525, 324, 522, 331, 544, 219, 551, 278, 557, 328, 553, 337
262, 58, 267, 72, 271, 97, 272, 102, 253, 80, 250, 94, 245, 110, 244, 118, 280, 77, 295, 91, 298, 107, 298, 116, 267, 107, 264, 138, 268, 163, 266, 167, 278, 106, 282, 138, 285, 165, 283, 170
512, 130, 522, 156, 531, 202, 533, 212, 497, 171, 492, 197, 483, 228, 481, 241, 548, 165, 574, 191, 581, 223, 579, 237, 523, 221, 518, 278, 525, 324, 522, 331, 544, 219, 551, 278, 557, 328, 553, 337
261, 58, 266, 72, 271, 97, 272, 102, 253, 80, 250, 94, 245, 111, 244, 118, 280, 77, 294, 91, 298, 108, 297, 116, 267, 107, 264, 138, 268, 163, 266, 167, 278, 106, 282, 138, 285, 165, 283, 170
512, 130, 522, 156, 531, 202, 533, 212, 496, 171, 492, 197, 483, 228, 481, 241, 546, 167, 574, 191, 579, 223, 579, 237, 523, 221, 518, 278, 525, 324, 522, 333, 544, 219, 551, 278, 557, 328, 553, 337
261, 58, 266, 72, 271, 97, 272, 102, 252, 80, 250, 94, 245, 111, 244, 118, 279, 78, 294, 91, 297, 108, 297, 116, 267, 107, 264, 138, 268, 163, 266, 168, 278, 106, 282, 138, 285, 165, 283, 170
511, 132, 520, 158, 529, 204, 531, 213, 496, 171, 492, 197, 483, 228, 481, 241, 544, 167, 572, 191, 577, 225, 577, 237, 523, 221, 518, 278, 525, 324, 522, 333, 544, 221, 551, 278, 557, 328, 553, 337
260, 59, 265, 73, 270, 98, 271, 103, 252, 80, 250, 94, 245, 111, 244, 118, 278, 78, 293, 91, 296, 109, 296, 116, 267, 107, 264, 138, 268, 163, 266, 168, 278, 107, 282, 138, 285, 165, 283, 170
505, 134, 518, 158, 529, 204, 531, 213, 494, 173, 492, 199, 481, 230, 481, 241, 542, 167, 570, 191, 575, 225, 574, 237, 523, 223, 518, 278, 525, 324, 522, 333, 542, 221, 549, 280, 557, 328, 553, 337
257, 60, 264, 73, 270, 98, 271, 103, 251, 81, 250, 95, 244, 112, 244, 118, 277, 78, 292, 91, 295, 109, 294, 116, 267, 108, 264, 138, 268, 163, 266, 168, 277, 107, 281, 139, 285, 165, 283, 170
498, 134, 512, 160, 527, 206, 529, 215, 494, 173, 492, 201, 481, 232, 481, 245, 538, 169, 566, 191, 572, 225, 570, 237, 523, 224, 518, 278, 525, 324, 523, 333, 540, 223, 549, 280, 557, 328, 553, 337
253, 60, 261, 74, 269, 99, 270, 104, 251, 81, 250, 96, 244, 113, 244, 120, 275, 79, 290, 91, 293, 109, 292, 116, 267, 109, 264, 138, 268, 163, 267, 168, 276, 108, 281, 139, 285, 165, 283, 170
492, 136, 510, 162, 525, 208, 529, 217, 494, 173, 492, 202, 481, 235, 479, 247, 535, 169, 562, 191, 566, 226, 562, 237, 522, 224, 518, 278, 525, 326, 523, 333, 540, 225, 548, 280, 557, 328, 553, 337
250, 61, 260, 75, 268, 100, 270, 105, 251, 81, 250, 97, 244, 115, 243, 121, 273, 79, 288, 91, 290, 110, 288, 116, 266, 109, 264, 138, 268, 164, 267, 168, 276, 109, 280, 139, 285, 165, 283, 170
488, 136, 507, 162, 523, 210, 527, 219, 492, 173, 490, 202, 481, 235, 479, 247, 531, 169, 559, 191, 561, 226, 557, 237, 522, 224, 516, 278, 525, 326, 523, 333, 538, 225, 548, 280, 557, 328, 553, 337
248, 61, 258, 75, 267, 101, 269, 106, 250, 81, 249, 97, 244, 115, 243, 121, 271, 79, 286, 91, 287, 110, 285, 116, 266, 109, 263, 138, 268, 164, 267, 168, 275, 109, 280, 139, 285, 165, 283, 170
485, 136, 503, 162, 523, 210, 525, 219, 492, 175, 490, 204, 481, 237, 479, 248, 527, 171, 555, 193, 555, 228, 549, 237, 520, 226, 516, 278, 525, 326, 523, 333, 536, 225, 544, 282, 555, 328, 551, 337
246, 61, 256, 75, 267, 101, 268, 106, 250, 82, 249, 98, 244, 116, 243, 122, 269, 80, 284, 92, 284, 111, 281, 116, 265, 110, 263, 138, 268, 164, 267, 168, 274, 109, 278, 140, 284, 165, 282, 170
481, 136, 501, 162, 522, 212, 525, 221, 492, 175, 490, 204, 481, 239, 479, 248, 523, 171, 551, 193, 548, 226, 542, 237, 520, 226, 516, 280, 527, 326, 523, 333, 535, 226, 542, 284, 553, 330, 551, 339
244, 61, 255, 75, 266, 102, 268, 107, 250, 82, 249, 98, 244, 117, 243, 122, 267, 80, 282, 92, 280, 110, 277, 116, 265, 110, 263, 139, 269, 164, 267, 168, 273, 110, 277, 141, 283, 166, 282, 171
479, 136, 499, 164, 520, 212, 523, 221, 490, 175, 490, 204, 481, 239, 479, 248, 520, 171, 546, 193, 542, 226, 535, 236, 520, 226, 514, 280, 527, 328, 523, 335, 533, 226, 538, 284, 551, 330, 546, 339
243, 61, 254, 76, 265, 102, 267, 107, 249, 82, 249, 98, 244, 117, 243, 122, 265, 80, 279, 92, 277, 110, 273, 115, 265, 110, 262, 139, 269, 165, 267, 169, 272, 110, 275, 141, 282, 166, 279, 171
477, 136, 497, 162, 518, 210, 522, 219, 488, 175, 490, 204, 483, 237, 479, 248, 518, 171, 542, 191, 535, 226, 527, 234, 518, 226, 514, 280, 525, 328, 522, 335, 531, 224, 536, 284, 546, 330, 538, 341
242, 61, 253, 75, 264, 101, 266, 106, 248, 82, 249, 98, 245, 116, 243, 122, 264, 80, 277, 91, 273, 110, 269, 114, 264, 110, 262, 139, 268, 165, 266, 169, 271, 109, 274, 141, 279, 166, 275, 172
475, 134, 494, 162, 516, 210, 520, 217, 488, 175, 490, 206, 483, 235, 481, 247, 516, 169, 538, 191, 529, 224, 522, 234, 516, 226, 514, 280, 525, 328, 522, 333, 529, 224, 533, 284, 538, 332, 529, 341
241, 60, 251, 75, 263, 101, 265, 105, 248, 82, 249, 99, 245, 115, 244, 121, 263, 79, 275, 91, 270, 109, 266, 114, 263, 110, 262, 139, 268, 165, 266, 168, 270, 109, 272, 141, 275, 167, 270, 172
473, 134, 492, 162, 514, 208, 518, 217, 486, 175, 490, 206, 483, 235, 481, 247, 514, 169, 535, 191, 523, 224, 516, 232, 516, 226, 512, 282, 525, 328, 522, 335, 527, 223, 529, 283, 529, 332, 518, 341
240, 60, 250, 75, 262, 100, 264, 105, 247, 82, 249, 99, 245, 115, 244, 121, 262, 79, 273, 91, 267, 109, 263, 113, 263, 110, 261, 140, 268, 165, 266, 169, 269, 108, 270, 141, 270, 167, 264, 172
472, 134, 490, 162, 512, 208, 516, 217, 486, 173, 490, 206, 483, 235, 481, 247, 510, 169, 531, 191, 520, 224, 510, 232, 514, 226, 509, 282, 525, 328, 522, 335, 525, 223, 523, 283, 522, 331, 510, 341
239, 60, 249, 75, 261, 100, 263, 105, 247, 81, 249, 99, 245, 115, 244, 121, 260, 79, 271, 91, 265, 109, 260, 113, 262, 110, 259, 140, 268, 165, 266, 169, 268, 108, 267, 141, 266, 167, 260, 172
470, 134, 490, 162, 510, 208, 514, 215, 483, 175, 490, 206, 483, 235, 479, 247, 509, 171, 527, 193, 516, 226, 507, 234, 512, 226, 507, 282, 525, 328, 522, 335, 525, 223, 520, 283, 516, 333, 505, 341
238, 60, 249, 75, 260, 100, 262, 104, 245, 82, 249, 99, 245, 115, 243, 121, 259, 80, 269, 92, 263, 110, 258, 114, 261, 110, 258, 140, 268, 165, 266, 169, 268, 108, 265, 141, 263, 168, 257, 172
468, 134, 488, 162, 509, 206, 512, 215, 483, 177, 488, 208, 481, 237, 477, 248, 509, 171, 525, 195, 512, 226, 503, 234, 512, 226, 503, 282, 525, 328, 522, 335, 523, 223, 516, 283, 512, 333, 499, 342
237, 60, 248, 75, 259, 99, 261, 104, 245, 83, 248, 100, 244, 116, 242, 122, 259, 80, 268, 93, 261, 110, 256, 114, 261, 110, 256, 140, 268, 165, 266, 169, 267, 108, 263, 141, 261, 168, 254, 173
468, 134, 486, 162, 509, 206, 512, 215, 481, 178, 486, 208, 473, 237, 470, 247, 507, 173, 523, 197, 510, 228, 501, 236, 510, 226, 499, 282, 525, 328, 522, 335, 522, 223, 512, 282, 509, 333, 496, 342
237, 60, 247, 75, 259, 99, 261, 104, 244, 84, 247, 100, 240, 116, 238, 121, 258, 81, 267, 94, 260, 111, 255, 115, 260, 110, 254, 140, 268, 165, 266, 169, 266, 108, 261, 140, 259, 168, 252, 173
468, 134, 486, 162, 505, 206, 509, 215, 479, 178, 481, 210, 462, 234, 457, 245, 505, 173, 522, 199, 509, 228, 499, 239, 509, 226, 497, 282, 525, 328, 522, 335, 520, 223, 509, 282, 505, 333, 492, 342
237, 60, 247, 75, 257, 99, 259, 104, 243, 84, 244, 101, 234, 114, 231, 120, 257, 81, 266, 95, 259, 111, 254, 117, 259, 110, 253, 140, 268, 165, 266, 169, 265, 108, 259, 140, 257, 168, 250, 173
466, 134, 486, 162, 503, 206, 507, 215, 477, 178, 475, 208, 455, 230, 449, 239, 503, 173, 520, 201, 509, 230, 499, 241, 505, 226, 494, 282, 525, 328, 520, 335, 518, 223, 505, 282, 503, 335, 490, 342
236, 60, 247, 75, 256, 99, 258, 104, 242, 84, 241, 100, 230, 112, 227, 117, 256, 81, 265, 96, 259, 112, 254, 118, 257, 110, 251, 140, 268, 165, 265, 169, 264, 108, 257, 140, 256, 169, 249, 173
466, 134, 485, 162, 501, 206, 503, 215, 473, 178, 470, 204, 446, 226, 440, 234, 503, 173, 518, 201, 509, 234, 501, 243, 499, 226, 492, 282, 525, 328, 520, 335, 514, 223, 503, 282, 501, 335, 488, 342
236, 60, 246, 75, 255, 99, 256, 104, 240, 84, 238, 98, 225, 110, 222, 114, 256, 81, 264, 96, 259, 114, 255, 119, 254, 110, 250, 140, 268, 165, 265, 169, 262, 108, 256, 140, 255, 169, 248, 173
466, 132, 485, 162, 497, 206, 501, 215, 472, 178, 464, 200, 440, 223, 433, 230, 501, 173, 518, 202, 510, 234, 505, 247, 496, 224, 490, 282, 525, 328, 520, 335, 512, 223, 501, 282, 499, 335, 486, 342
236, 59, 246, 75, 253, 99, 255, 104, 239, 84, 235, 96, 222, 108, 218, 112, 255, 81, 264, 97, 260, 114, 257, 121, 252, 109, 249, 140, 268, 165, 265, 169, 261, 108, 255, 140, 254, 169, 247, 173
464, 132, 483, 162, 496, 206, 497, 213, 470, 177, 460, 199, 435, 221, 427, 226, 501, 173, 518, 202, 510, 236, 507, 248, 492, 224, 488, 282, 525, 328, 520, 335, 509, 223, 499, 282, 497, 335, 484, 342
235, 59, 245, 75, 252, 99, 253, 103, 238, 83, 233, 95, 219, 107, 215, 110, 255, 81, 264, 97, 260, 115, 258, 122, 250, 109, 248, 140, 268, 165, 265, 169, 259, 108, 254, 140, 253, 169, 246, 173
464, 130, 483, 160, 494, 204, 496, 213, 468, 177, 457, 199, 431, 219, 422, 224, 499, 173, 518, 202, 512, 236, 509, 248, 490, 223, 486, 282, 523, 328, 520, 335, 507, 223, 497, 282, 497, 335, 488, 342
235, 58, 245, 74, 251, 98, 252, 103, 237, 83, 231, 95, 217, 106, 212, 109, 254, 81, 264, 97, 261, 115, 259, 122, 249, 108, 247, 140, 267, 165, 265, 169, 258, 108, 253, 140, 253, 169, 248, 173
464, 130, 481, 160, 492, 204, 494, 213, 466, 177, 453, 197, 427, 217, 418, 224, 499, 171, 518, 202, 514, 237, 510, 250, 488, 223, 484, 282, 512, 328, 507, 335, 505, 221, 497, 282, 497, 335, 490, 342
235, 58, 244, 74, 250, 98, 251, 103, 236, 83, 229, 94, 215, 105, 210, 109, 254, 80, 264, 97, 262, 116, 260, 123, 248, 108, 246, 140, 261, 165, 258, 169, 257, 107, 253, 140, 253, 169, 249, 173
464, 130, 479, 158, 490, 204, 492, 212, 464, 175, 451, 197, 423, 215, 414, 222, 497, 171, 516, 202, 514, 237, 510, 250, 486, 223, 483, 280, 503, 330, 496, 335, 503, 221, 496, 282, 499, 335, 492, 342
235, 58, 243, 73, 249, 98, 250, 102, 235, 82, 228, 94, 213, 104, 208, 108, 253, 80, 263, 97, 262, 116, 260, 123, 247, 108, 245, 139, 256, 166, 252, 169, 256, 107, 252, 140, 254, 169, 250, 173
462, 130, 479, 158, 488, 202, 490, 212, 462, 175, 449, 195, 422, 215, 412, 222, 496, 171, 516, 201, 514, 237, 510, 250, 484, 223, 479, 280, 496, 330, 486, 335, 501, 221, 494, 282, 499, 335, 494, 342
234, 58, 243, 73, 248, 97, 249, 102, 234, 82, 227, 93, 212, 104, 207, 108, 252, 80, 263, 96, 262, 116, 260, 123, 246, 108, 243, 139, 252, 166, 247, 169, 255, 107, 251, 140, 254, 169, 251, 173
461, 130, 477, 158, 488, 202, 490, 212, 462, 175, 447, 195, 422, 217, 414, 226, 496, 171, 514, 201, 512, 236, 509, 248, 483, 221, 475, 280, 484, 329, 471, 335, 499, 221, 494, 282, 499, 333, 494, 342
233, 58, 242, 73, 248, 97, 249, 102, 234, 82, 226, 93, 212, 105, 208, 110, 252, 80, 262, 96, 261, 115, 259, 122, 245, 107, 241, 139, 246, 166, 239, 169, 254, 107, 251, 140, 254, 168, 251, 173
459, 130, 475, 156, 486, 202, 488, 212, 460, 175, 447, 197, 425, 221, 420, 232, 494, 169, 512, 199, 510, 236, 505, 247, 481, 221, 473, 280, 475, 329, 464, 335, 499, 221, 492, 282, 499, 333, 494, 342
232, 58, 241, 72, 247, 97, 248, 102, 233, 82, 226, 94, 214, 107, 211, 113, 251, 79, 261, 95, 260, 115, 257, 121, 244, 107, 240, 139, 241, 166, 235, 169, 254, 107, 250, 140, 254, 168, 251, 173
457, 130, 472, 156, 484, 202, 486, 212, 457, 175, 446, 200, 429, 226, 423, 237, 490, 169, 510, 197, 505, 232, 501, 243, 479, 221, 470, 280, 470, 329, 459, 335, 497, 221, 492, 282, 501, 333, 494, 342
231, 58, 239, 72, 246, 97, 247, 102, 231, 82, 225, 96, 216, 110, 213, 116, 249, 79, 260, 94, 257, 113, 255, 119, 243, 107, 238, 139, 238, 166, 232, 169, 253, 107, 250, 140, 255, 168, 251, 173
453, 130, 468, 156, 483, 202, 484, 212, 455, 177, 447, 204, 435, 232, 431, 243, 488, 169, 505, 197, 499, 230, 494, 241, 479, 221, 468, 280, 464, 329, 455, 335, 496, 221, 490, 282, 501, 333, 496, 342
229, 58, 237, 72, 245, 97, 246, 102, 230, 83, 226, 98, 219, 113, 217, 119, 248, 79, 257, 94, 254, 112, 251, 118, 243, 107, 237, 139, 235, 166, 230, 169, 252, 107, 249, 140, 255, 168, 252, 173
449, 132, 466, 158, 481, 202, 483, 212, 451, 177, 447, 208, 438, 237, 435, 248, 485, 169, 501, 195, 492, 228, 486, 239, 475, 223, 464, 280, 460, 329, 451, 335, 494, 221, 488, 283, 501, 333, 496, 342
227, 59, 236, 73, 244, 97, 245, 102, 228, 83, 226, 100, 221, 116, 219, 122, 246, 79, 255, 93, 250, 111, 247, 117, 241, 108, 235, 139, 233, 166, 228, 169, 251, 107, 248, 141, 255, 168, 252, 173
446, 134, 460, 158, 477, 204, 479, 212, 449, 178, 447, 210, 442, 241, 440, 252, 481, 169, 496, 195, 484, 224, 477, 237, 473, 223, 462, 280, 459, 329, 449, 335, 490, 221, 488, 283, 501, 333, 496, 342
225, 60, 233, 73, 242, 98, 243, 102, 227, 84, 226, 101, 223, 118, 222, 124, 244, 79, 252, 93, 246, 109, 242, 116, 240, 108, 234, 139, 232, 166, 227, 169, 249, 107, 248, 141, 255, 168, 252, 173
442, 136, 459, 164, 473, 206, 477, 215, 446, 180, 447, 213, 446, 245, 442, 254, 477, 169, 490, 195, 477, 224, 470, 235, 472, 224, 460, 280, 455, 329, 446, 335, 486, 224, 486, 283, 501, 333, 496, 341
223, 61, 232, 76, 240, 99, 242, 104, 225, 85, 226, 103, 225, 120, 223, 125, 242, 79, 249, 93, 242, 109, 238, 115, 239, 109, 233, 139, 230, 166, 225, 169, 247, 109, 247, 141, 255, 168, 252, 172
438, 138, 455, 165, 472, 210, 475, 217, 444, 182, 447, 215, 447, 246, 444, 256, 473, 169, 484, 195, 470, 223, 462, 234, 472, 226, 459, 280, 453, 329, 446, 335, 484, 224, 484, 285, 501, 333, 494, 341
221, 62, 230, 77, 239, 101, 241, 105, 224, 86, 226, 104, 226, 121, 224, 126, 240, 79, 246, 93, 238, 108, 234, 114, 239, 110, 232, 139, 229, 166, 225, 169, 246, 109, 246, 142, 255, 168, 251, 172
436, 140, 453, 167, 470, 210, 473, 219, 442, 184, 447, 215, 447, 248, 446, 258, 472, 169, 481, 195, 464, 223, 457, 232, 470, 226, 457, 280, 453, 329, 447, 337, 481, 226, 483, 285, 501, 333, 494, 341
220, 63, 229, 78, 238, 101, 240, 106, 223, 87, 226, 104, 226, 122, 225, 127, 239, 79, 244, 93, 235, 108, 231, 113, 238, 110, 231, 139, 229, 166, 226, 170, 244, 110, 245, 142, 255, 168, 251, 172
433, 142, 449, 169, 468, 212, 472, 219, 440, 184, 446, 217, 447, 248, 446, 258, 468, 169, 477, 193, 460, 221, 451, 232, 468, 228, 455, 280, 455, 329, 449, 337, 479, 226, 481, 285, 499, 333, 492, 341
218, 64, 227, 79, 237, 102, 239, 106, 222, 87, 225, 105, 226, 122, 225, 127, 237, 79, 242, 92, 233, 107, 228, 113, 237, 111, 230, 139, 230, 166, 227, 170, 243, 110, 244, 142, 254, 168, 250, 172
431, 142, 448, 169, 466, 212, 470, 221, 438, 184, 444, 215, 444, 248, 442, 256, 464, 169, 473, 193, 457, 219, 446, 230, 468, 228, 453, 281, 455, 329, 449, 337, 475, 226, 477, 285, 492, 333, 486, 341
217, 64, 226, 79, 236, 102, 238, 107, 221, 87, 224, 104, 224, 122, 223, 126, 235, 79, 240, 92, 231, 106, 225, 112, 237, 111, 229, 140, 230, 166, 227, 170, 241, 110, 242, 142, 250, 168, 247, 172
429, 142, 446, 171, 462, 212, 466, 219, 436, 184, 442, 215, 440, 245, 436, 254, 462, 169, 470, 193, 453, 219, 442, 230, 464, 228, 451, 281, 455, 329, 449, 337, 473, 226, 475, 285, 486, 333, 479, 341
216, 64, 225, 80, 234, 102, 236, 106, 220, 87, 223, 104, 222, 120, 220, 125, 234, 79, 238, 92, 229, 106, 223, 112, 235, 111, 228, 140, 230, 166, 227, 170, 240, 110, 241, 142, 247, 168, 243, 172
427, 142, 444, 171, 460, 212, 464, 219, 433, 184, 440, 215, 435, 241, 431, 250, 459, 169, 468, 193, 449, 219, 440, 230, 462, 228, 451, 281, 455, 329, 449, 337, 472, 226, 471, 285, 479, 333, 470, 342
215, 64, 224, 80, 233, 102, 235, 106, 218, 87, 222, 104, 219, 118, 217, 123, 232, 79, 237, 92, 227, 106, 222, 112, 234, 111, 228, 140, 230, 166, 227, 170, 239, 110, 239, 142, 243, 168, 238, 173
425, 142, 442, 169, 459, 210, 460, 217, 431, 180, 436, 211, 429, 239, 425, 248, 457, 169, 466, 193, 447, 219, 438, 230, 460, 226, 449, 283, 457, 329, 451, 337, 470, 224, 468, 285, 471, 333, 460, 342
214, 64, 223, 79, 232, 101, 233, 105, 217, 85, 220, 102, 216, 117, 214, 122, 231, 79, 236, 92, 226, 106, 221, 112, 233, 110, 227, 141, 231, 166, 228, 170, 238, 109, 237, 142, 239, 168, 233, 173
424, 142, 440, 167, 457, 210, 459, 217, 429, 180, 433, 210, 422, 235, 416, 245, 455, 169, 464, 193, 447, 221, 438, 232, 459, 226, 447, 283, 457, 329, 451, 339, 468, 224, 464, 283, 464, 333, 453, 342
213, 64, 222, 78, 231, 101, 232, 105, 216, 85, 218, 101, 212, 115, 209, 120, 230, 79, 235, 92, 226, 107, 221, 113, 232, 110, 226, 141, 231, 166, 228, 171, 237, 109, 235, 141, 235, 168, 229, 173
422, 140, 436, 167, 455, 208, 457, 217, 425, 180, 429, 210, 412, 232, 405, 241, 453, 169, 462, 193, 449, 224, 438, 234, 457, 226, 446, 283, 459, 329, 453, 339, 466, 224, 460, 283, 457, 335, 444, 342
212, 63, 220, 78, 230, 100, 231, 105, 214, 85, 216, 101, 207, 113, 203, 118, 229, 79, 234, 92, 227, 109, 221, 114, 231, 110, 225, 141, 232, 166, 229, 171, 236, 109, 233, 141, 231, 169, 224, 173
418, 140, 435, 165, 453, 208, 455, 217, 424, 180, 425, 208, 405, 230, 398, 239, 451, 169, 462, 193, 449, 226, 440, 237, 455, 226, 444, 283, 459, 329, 453, 339, 464, 224, 457, 283, 451, 335, 438, 342
210, 63, 219, 77, 229, 100, 230, 105, 213, 85, 214, 100, 203, 112, 199, 117, 228, 79, 234, 92, 227, 110, 222, 116, 230, 110, 224, 141, 232, 166, 229, 171, 235, 109, 231, 141, 228, 169, 221, 173
416, 140, 433, 165, 451, 208, 455, 215, 422, 180, 420, 208, 398, 228, 390, 237, 451, 169, 460, 193, 449, 230, 440, 239, 453, 226, 442, 283, 460, 329, 455, 339, 462, 224, 455, 281, 447, 335, 434, 342
209, 63, 218, 77, 228, 100, 230, 104, 212, 85, 211, 100, 199, 111, 195, 116, 228, 79, 233, 92, 227, 112, 222, 117, 229, 110, 223, 141, 233, 166, 230, 171, 234, 109, 230, 140, 226, 169, 219, 173
414, 140, 431, 164, 449, 208, 453, 215, 420, 180, 416, 208, 394, 226, 385, 235, 449, 169, 460, 195, 449, 232, 442, 241, 451, 226, 440, 281, 460, 329, 457, 339, 462, 223, 451, 281, 444, 335, 431, 342
208, 63, 217, 76, 227, 100, 229, 104, 211, 85, 209, 100, 197, 110, 192, 115, 227, 79, 233, 93, 227, 113, 223, 118, 228, 110, 222, 140, 233, 166, 231, 171, 234, 108, 228, 140, 224, 169, 217, 173
412, 140, 427, 164, 447, 206, 451, 215, 418, 180, 412, 208, 390, 226, 381, 235, 448, 171, 459, 195, 449, 232, 442, 243, 449, 226, 438, 281, 462, 331, 457, 340, 460, 223, 449, 281, 440, 335, 429, 342
207, 63, 215, 76, 226, 99, 228, 104, 210, 85, 207, 100, 195, 110, 190, 115, 226, 80, 232, 93, 227, 113, 223, 119, 227, 110, 221, 140, 234, 167, 231, 172, 233, 108, 227, 140, 222, 169, 216, 173
411, 138, 425, 164, 446, 206, 449, 215, 416, 180, 411, 206, 387, 224, 377, 233, 446, 171, 459, 195, 449, 234, 442, 243, 447, 226, 436, 281, 462, 331, 459, 340, 459, 223, 447, 281, 438, 335, 427, 342
206, 62, 214, 76, 225, 99, 227, 104, 209, 85, 206, 99, 193, 109, 188, 114, 225, 80, 232, 93, 227, 114, 223, 119, 226, 110, 220, 140, 234, 167, 232, 172, 232, 108, 226, 140, 221, 169, 215, 173
407, 138, 424, 162, 442, 206, 446, 215, 412, 180, 407, 206, 385, 224, 374, 233, 444, 171, 457, 197, 449, 234, 442, 243, 446, 226, 436, 281, 462, 331, 459, 340, 457, 223, 446, 281, 436, 335, 425, 342
204, 62, 213, 75, 223, 99, 225, 104, 207, 85, 204, 99, 192, 109, 186, 114, 224, 80, 231, 94, 227, 114, 223, 119, 225, 110, 220, 140, 234, 167, 232, 172, 231, 108, 225, 140, 220, 169, 214, 173
405, 138, 422, 160, 440, 206, 444, 215, 411, 178, 405, 204, 383, 222, 374, 232, 442, 171, 457, 197, 449, 235, 442, 245, 442, 226, 434, 281, 462, 331, 459, 340, 455, 223, 444, 281, 436, 335, 425, 342
203, 62, 212, 74, 222, 99, 224, 104, 206, 84, 203, 98, 191, 108, 186, 113, 223, 80, 231, 94, 227, 115, 223, 120, 223, 110, 219, 140, 234, 167, 232, 172, 230, 108, 224, 140, 220, 169, 214, 173
403, 136, 420, 160, 438, 206, 442, 213, 409, 178, 403, 204, 381, 222, 372, 232, 438, 171, 455, 197, 446, 235, 438, 245, 440, 226, 433, 281, 460, 331, 457, 340, 453, 223, 442, 281, 434, 335, 425, 342
202, 61, 211, 74, 221, 99, 223, 103, 205, 84, 202, 98, 190, 108, 185, 113, 221, 80, 230, 94, 225, 115, 221, 120, 222, 110, 218, 140, 233, 167, 231, 172, 229, 108, 223, 140, 219, 169, 214, 173
401, 136, 416, 158, 436, 204, 440, 213, 407, 178, 401, 204, 379, 222, 372, 232, 436, 171, 451, 197, 440, 234, 435, 243, 438, 226, 429, 281, 449, 331, 446, 340, 451, 221, 442, 281, 436, 335, 427, 342
201, 61, 209, 73, 220, 98, 222, 103, 204, 84, 201, 98, 189, 108, 185, 113, 220, 80, 228, 94, 222, 114, 219, 119, 221, 110, 216, 140, 227, 167, 225, 172, 228, 107, 223, 140, 220, 169, 215, 173
398, 136, 414, 162, 433, 206, 436, 213, 405, 178, 399, 204, 379, 224, 372, 233, 435, 171, 447, 197, 436, 234, 429, 243, 435, 226, 427, 281, 438, 331, 433, 339, 447, 223, 440, 281, 436, 335, 427, 342
199, 61, 208, 75, 218, 99, 220, 103, 203, 84, 200, 98, 189, 109, 185, 114, 219, 80, 226, 94, 220, 114, 216, 119, 219, 110, 215, 140, 221, 167, 218, 171, 226, 108, 222, 140, 220, 169, 215, 173
396, 136, 412, 164, 431, 206, 435, 213, 403, 180, 399, 206, 381, 228, 375, 237, 431, 171, 444, 199, 429, 232, 423, 243, 433, 226, 425, 281, 431, 329, 423, 337, 444, 223, 438, 281, 436, 335, 429, 342
198, 61, 207, 76, 217, 99, 219, 103, 202, 85, 200, 99, 190, 111, 187, 116, 217, 80, 224, 95, 216, 113, 213, 119, 218, 110, 214, 140, 217, 166, 213, 170, 224, 108, 221, 140, 220, 169, 216, 173
390, 140, 409, 165, 427, 208, 431, 215, 401, 182, 398, 206, 381, 230, 377, 239, 425, 171, 435, 200, 418, 232, 411, 243, 429, 228, 420, 283, 423, 329, 416, 337, 440, 224, 436, 281, 436, 335, 429, 342
195, 63, 205, 77, 215, 100, 217, 104, 201, 86, 199, 99, 190, 112, 188, 117, 214, 80, 219, 96, 210, 113, 206, 119, 216, 111, 211, 141, 213, 166, 209, 170, 222, 109, 220, 140, 220, 169, 216, 173
385, 142, 403, 169, 422, 210, 425, 217, 398, 184, 396, 208, 387, 239, 383, 246, 420, 171, 427, 200, 409, 232, 401, 241, 425, 230, 414, 283, 418, 329, 410, 337, 436, 226, 433, 283, 436, 335, 429, 342
192, 64, 202, 79, 212, 101, 214, 105, 199, 87, 198, 100, 193, 117, 191, 121, 211, 80, 215, 96, 205, 113, 201, 118, 214, 112, 208, 141, 210, 166, 206, 170, 220, 110, 218, 141, 220, 169, 216, 173
379, 143, 398, 171, 418, 210, 422, 219, 394, 184, 396, 208, 388, 245, 385, 252, 416, 173, 420, 202, 403, 232, 396, 241, 422, 230, 410, 283, 412, 329, 407, 337, 433, 226, 429, 285, 438, 335, 431, 342
189, 65, 199, 80, 210, 101, 212, 106, 197, 87, 198, 100, 194, 120, 192, 124, 209, 81, 211, 97, 202, 113, 198, 118, 212, 112, 206, 141, 207, 166, 204, 170, 218, 110, 216, 142, 221, 169, 217, 173
376, 145, 394, 173, 414, 211, 420, 219, 392, 186, 394, 210, 388, 248, 387, 256, 412, 173, 414, 202, 398, 232, 392, 241, 420, 232, 407, 283, 410, 329, 403, 337, 429, 228, 427, 285, 438, 335, 431, 342
187, 66, 197, 81, 208, 102, 211, 106, 196, 88, 197, 101, 194, 122, 193, 126, 207, 81, 208, 97, 199, 113, 196, 118, 211, 113, 204, 141, 206, 166, 202, 170, 216, 111, 215, 142, 221, 169, 217, 173
372, 145, 392, 173, 412, 211, 416, 221, 390, 188, 392, 211, 390, 250, 387, 257, 409, 173, 411, 204, 394, 232, 388, 241, 416, 232, 405, 283, 407, 329, 401, 337, 425, 228, 425, 287, 438, 335, 431, 342
185, 66, 196, 81, 207, 102, 209, 107, 195, 89, 196, 102, 195, 123, 193, 127, 205, 81, 206, 98, 197, 113, 194, 118, 209, 113, 203, 141, 204, 166, 201, 170, 214, 111, 214, 143, 221, 169, 217, 173
370, 147, 388, 175, 411, 213, 414, 221, 388, 188, 392, 211, 388, 243, 388, 250, 405, 173, 407, 204, 390, 232, 385, 241, 414, 234, 401, 283, 405, 329, 398, 337, 423, 228, 423, 287, 438, 335, 431, 342
184, 67, 194, 82, 206, 103, 208, 107, 194, 89, 196, 102, 194, 119, 194, 123, 203, 81, 204, 98, 195, 113, 192, 118, 208, 114, 201, 141, 203, 166, 199, 170, 213, 111, 213, 143, 221, 169, 217, 173
366, 147, 387, 175, 407, 211, 411, 219, 387, 188, 388, 211, 387, 239, 385, 248, 401, 173, 405, 202, 388, 232, 383, 241, 411, 234, 399, 283, 403, 329, 396, 337, 420, 228, 420, 287, 436, 335, 427, 342
182, 67, 193, 82, 204, 102, 206, 106, 193, 89, 194, 102, 193, 117, 192, 122, 201, 81, 203, 97, 194, 113, 191, 118, 206, 114, 200, 141, 202, 166, 198, 170, 211, 111, 211, 143, 220, 169, 215, 173
365, 145, 383, 171, 401, 208, 405, 217, 385, 186, 385, 210, 381, 239, 377, 246, 400, 171, 401, 202, 387, 230, 381, 239, 407, 230, 396, 283, 401, 329, 394, 337, 416, 228, 416, 287, 431, 335, 420, 342
181, 66, 191, 80, 201, 100, 203, 105, 192, 88, 192, 101, 190, 117, 188, 121, 200, 80, 201, 97, 193, 112, 190, 117, 204, 112, 198, 141, 201, 166, 197, 170, 209, 111, 209, 143, 217, 169, 211, 173
363, 145, 381, 171, 399, 208, 403, 215, 381, 186, 383, 210, 375, 237, 372, 246, 398, 171, 399, 200, 387, 228, 379, 239, 403, 230, 396, 292, 403, 338, 396, 348, 414, 226, 410, 287, 423, 335, 410, 342
180, 66, 190, 80, 200, 100, 202, 104, 190, 88, 191, 101, 187, 116, 185, 121, 199, 80, 200, 96, 193, 111, 189, 117, 202, 112, 198, 146, 202, 171, 198, 176, 208, 110, 206, 143, 213, 169, 206, 173
361, 145, 377, 169, 396, 206, 399, 213, 376, 182, 379, 208, 370, 235, 364, 244, 394, 171, 399, 199, 387, 228, 379, 239, 401, 226, 396, 292, 403, 335, 399, 346, 411, 224, 407, 287, 414, 335, 401, 342
179, 66, 188, 79, 198, 99, 200, 103, 187, 86, 189, 100, 184, 115, 181, 120, 197, 80, 200, 95, 193, 111, 189, 117, 201, 110, 198, 146, 202, 169, 200, 175, 206, 109, 204, 143, 208, 169, 201, 173
359, 143, 376, 167, 394, 204, 398, 211, 374, 180, 377, 208, 363, 233, 357, 243, 394, 171, 399, 199, 388, 226, 381, 237, 398, 226, 396, 294, 403, 331, 401, 342, 409, 222, 403, 285, 405, 335, 392, 342
178, 65, 187, 78, 197, 98, 199, 102, 186, 85, 188, 100, 180, 114, 177, 119, 197, 80, 200, 95, 194, 110, 190, 116, 199, 110, 198, 147, 202, 167, 201, 173, 205, 108, 202, 142, 203, 169, 196, 173
357, 143, 374, 165, 392, 204, 396, 211, 370, 178, 372, 208, 352, 232, 346, 239, 390, 171, 399, 199, 390, 228, 383, 239, 396, 226, 396, 294, 401, 327, 401, 342, 407, 222, 398, 285, 396, 335, 383, 342
177, 65, 186, 77, 196, 98, 198, 102, 184, 84, 185, 100, 174, 113, 171, 117, 195, 80, 200, 95, 195, 111, 191, 117, 198, 110, 198, 147, 201, 165, 201, 173, 204, 108, 199, 142, 198, 169, 191, 173
355, 143, 372, 165, 390, 204, 394, 211, 366, 180, 366, 210, 344, 232, 337, 239, 388, 173, 399, 197, 392, 230, 387, 241, 394, 226, 396, 296, 401, 326, 399, 338, 405, 222, 394, 285, 390, 335, 377, 342
176, 65, 185, 77, 195, 98, 197, 102, 182, 85, 182, 101, 170, 113, 166, 117, 194, 81, 200, 94, 196, 112, 193, 118, 197, 110, 198, 148, 201, 164, 200, 171, 203, 108, 197, 142, 195, 169, 188, 173
353, 143, 370, 165, 388, 204, 392, 211, 363, 180, 363, 210, 339, 232, 331, 239, 387, 173, 399, 197, 396, 232, 390, 243, 392, 226, 396, 296, 401, 320, 399, 337, 403, 222, 388, 283, 385, 335, 372, 342
175, 65, 184, 77, 194, 98, 196, 102, 180, 85, 180, 101, 167, 113, 163, 117, 193, 81, 200, 94, 198, 113, 195, 119, 196, 110, 198, 148, 201, 161, 200, 170, 202, 108, 194, 141, 192, 169, 185, 173
352, 143, 366, 165, 387, 204, 390, 213, 361, 180, 359, 211, 333, 232, 326, 239, 385, 175, 399, 199, 398, 232, 392, 245, 390, 228, 390, 298, 396, 316, 396, 329, 403, 222, 385, 283, 381, 335, 368, 342
174, 65, 182, 77, 193, 98, 195, 103, 179, 85, 178, 102, 164, 113, 160, 117, 192, 82, 200, 95, 199, 113, 196, 120, 195, 111, 195, 149, 198, 159, 198, 166, 202, 108, 192, 141, 190, 169, 183, 173
348, 143, 365, 165, 385, 206, 388, 213, 357, 182, 355, 213, 329, 232, 322, 239, 383, 175, 399, 199, 398, 234, 394, 245, 388, 230, 386, 300, 386, 309, 385, 318, 399, 222, 383, 283, 377, 335, 364, 342
172, 65, 181, 77, 192, 99, 194, 103, 177, 86, 176, 103, 162, 113, 158, 117, 191, 82, 200, 95, 199, 114, 197, 120, 194, 112, 193, 150, 193, 155, 192, 160, 200, 108, 191, 141, 188, 169, 181, 173
346, 143, 363, 165, 383, 206, 387, 215, 353, 182, 353, 213, 328, 232, 320, 239, 381, 176, 398, 199, 398, 235, 394, 246, 387, 230, 385, 300, 379, 303, 379, 314, 398, 222, 379, 283, 375, 335, 362, 342
171, 65, 180, 77, 191, 99, 193, 104, 175, 86, 175, 103, 161, 113, 157, 117, 190, 83, 199, 95, 199, 115, 197, 121, 193, 112, 192, 150, 189, 152, 189, 158, 199, 108, 189, 141, 187, 169, 180, 173
344, 143, 359, 165, 381, 206, 385, 215, 352, 182, 350, 213, 326, 233, 320, 241, 379, 176, 396, 200, 396, 237, 392, 248, 385, 230, 383, 300, 385, 311, 379, 316, 396, 222, 377, 283, 374, 335, 361, 342
170, 65, 178, 77, 190, 99, 192, 104, 174, 86, 173, 103, 160, 114, 157, 118, 189, 83, 198, 96, 198, 116, 196, 122, 192, 112, 191, 150, 192, 156, 189, 159, 198, 108, 188, 141, 186, 169, 179, 173
341, 141, 357, 164, 379, 208, 383, 215, 350, 182, 348, 215, 326, 233, 320, 243, 376, 176, 394, 200, 392, 237, 387, 248, 383, 230, 381, 300, 388, 316, 381, 320, 394, 222, 375, 283, 372, 335, 361, 342
168, 64, 177, 76, 189, 100, 191, 104, 173, 86, 172, 104, 160, 114, 157, 119, 187, 83, 197, 96, 196, 116, 193, 122, 191, 112, 190, 150, 194, 159, 190, 161, 197, 108, 187, 141, 185, 169, 179, 173
339, 141, 355, 165, 376, 208, 381, 217, 348, 184, 348, 215, 331, 235, 326, 244, 374, 176, 388, 202, 383, 239, 377, 250, 381, 232, 381, 300, 386, 322, 383, 326, 392, 222, 374, 283, 370, 335, 362, 344
167, 64, 176, 77, 187, 100, 190, 105, 172, 87, 172, 104, 163, 115, 160, 120, 186, 83, 194, 97, 191, 117, 188, 123, 190, 113, 190, 150, 193, 162, 191, 164, 196, 108, 186, 141, 184, 169, 180, 174
337, 141, 353, 165, 374, 210, 377, 219, 346, 184, 346, 215, 333, 235, 329, 246, 370, 176, 385, 204, 374, 239, 370, 250, 377, 233, 370, 296, 379, 325, 374, 331, 388, 224, 372, 283, 370, 335, 362, 344
166, 64, 175, 77, 186, 101, 188, 106, 171, 87, 171, 104, 164, 115, 162, 121, 184, 83, 192, 98, 186, 117, 184, 123, 188, 114, 184, 148, 189, 164, 186, 167, 194, 109, 185, 141, 184, 169, 180, 174
335, 141, 350, 165, 372, 210, 375, 219, 344, 184, 346, 213, 337, 235, 331, 246, 368, 176, 379, 206, 368, 239, 361, 250, 375, 233, 362, 292, 375, 329, 366, 333, 385, 224, 370, 283, 370, 335, 362, 344
165, 64, 173, 77, 185, 101, 187, 106, 170, 87, 171, 103, 166, 115, 163, 121, 183, 83, 189, 99, 183, 117, 179, 123, 187, 114, 180, 146, 187, 166, 182, 168, 192, 109, 184, 141, 184, 169, 180, 174
331, 141, 348, 167, 368, 213, 372, 222, 342, 184, 344, 213, 340, 239, 335, 248, 364, 176, 372, 208, 355, 239, 348, 250, 372, 235, 355, 290, 368, 331, 361, 337, 381, 226, 368, 283, 370, 335, 362, 344
163, 64, 172, 78, 183, 103, 185, 108, 169, 87, 170, 103, 168, 117, 165, 122, 181, 83, 185, 100, 176, 117, 172, 123, 185, 115, 176, 145, 183, 167, 179, 170, 190, 110, 183, 141, 184, 169, 180, 174
330, 143, 346, 169, 366, 215, 370, 224, 341, 186, 342, 213, 342, 241, 340, 250, 363, 176, 366, 208, 348, 239, 339, 250, 368, 237, 351, 289, 364, 333, 357, 340, 379, 228, 366, 285, 370, 335, 362, 344
162, 65, 171, 79, 182, 104, 184, 109, 168, 88, 169, 103, 169, 118, 168, 123, 180, 83, 182, 100, 172, 117, 167, 123, 183, 116, 174, 144, 181, 168, 177, 172, 189, 111, 182, 142, 184, 169, 180, 174
326, 143, 342, 169, 364, 217, 368, 226, 339, 186, 342, 215, 346, 243, 344, 252, 359, 176, 361, 208, 340, 239, 331, 250, 366, 239, 348, 289, 361, 335, 355, 342, 377, 230, 364, 285, 372, 335, 364, 344
160, 65, 169, 79, 181, 105, 183, 110, 167, 88, 169, 104, 171, 119, 170, 124, 178, 83, 179, 100, 168, 117, 163, 123, 182, 117, 172, 144, 179, 169, 176, 173, 188, 112, 181, 142, 185, 169, 181, 174
322, 145, 341, 171, 363, 219, 366, 228, 337, 187, 340, 215, 348, 243, 346, 252, 357, 178, 355, 210, 335, 239, 326, 250, 364, 239, 344, 287, 357, 337, 351, 342, 375, 230, 363, 285, 372, 335, 364, 344
158, 66, 168, 80, 180, 106, 182, 111, 166, 89, 168, 104, 172, 119, 171, 124, 177, 84, 176, 101, 165, 117, 160, 123, 181, 117, 170, 143, 177, 170, 174, 173, 187, 112, 180, 142, 185, 169, 181, 174
320, 145, 337, 171, 361, 219, 364, 228, 335, 187, 340, 213, 348, 244, 348, 252, 353, 178, 352, 210, 329, 239, 322, 250, 363, 239, 342, 287, 355, 336, 350, 344, 372, 232, 361, 287, 372, 335, 364, 344
157, 66, 166, 80, 179, 106, 181, 111, 165, 89, 168, 103, 172, 120, 172, 124, 175, 84, 174, 101, 162, 117, 158, 123, 180, 117, 169, 143, 176, 170, 173, 174, 185, 113, 179, 143, 185, 169, 181, 174
317, 145, 333, 171, 357, 219, 363, 230, 333, 187, 339, 213, 348, 244, 348, 254, 348, 176, 348, 210, 326, 239, 318, 250, 359, 239, 340, 285, 353, 338, 348, 344, 370, 232, 361, 287, 372, 335, 364, 344
155, 66, 164, 80, 177, 106, 180, 112, 164, 89, 167, 103, 172, 120, 172, 125, 172, 83, 172, 101, 160, 117, 156, 123, 178, 117, 168, 142, 175, 171, 172, 174, 184, 113, 179, 143, 185, 169, 181, 174
313, 145, 331, 171, 355, 219, 359, 228, 331, 187, 337, 213, 348, 244, 348, 254, 344, 175, 344, 208, 324, 239, 315, 250, 357, 239, 337, 285, 351, 338, 346, 344, 368, 230, 359, 287, 374, 335, 364, 344
153, 66, 163, 80, 176, 106, 178, 111, 163, 89, 166, 103, 172, 120, 172, 125, 170, 82, 170, 100, 159, 117, 154, 123, 177, 117, 166, 142, 174, 171, 171, 174, 183, 112, 178, 143, 186, 169, 181, 174
311, 143, 328, 171, 353, 219, 357, 228, 329, 187, 337, 211, 346, 244, 348, 254, 341, 175, 340, 208, 320, 239, 313, 248, 355, 237, 337, 285, 351, 338, 344, 346, 364, 230, 357, 287, 374, 335, 364, 344
152, 65, 161, 80, 175, 106, 177, 111, 162, 89, 166, 102, 171, 120, 172, 125, 168, 82, 168, 100, 157, 117, 153, 122, 176, 116, 166, 142, 174, 171, 170, 175, 181, 112, 177, 143, 186, 169, 181, 174
309, 143, 326, 171, 352, 219, 355, 228, 328, 187, 335, 211, 346, 244, 348, 254, 339, 173, 339, 208, 320, 237, 313, 248, 353, 237, 335, 285, 350, 338, 344, 346, 363, 230, 355, 287, 374, 335, 364, 344
151, 65, 160, 80, 174, 106, 176, 111, 161, 89, 165, 102, 171, 120, 172, 125, 167, 81, 167, 100, 157, 116, 153, 122, 175, 116, 165, 142, 173, 171, 170, 175, 180, 112, 176, 143, 186, 169, 181, 174
307, 143, 326, 169, 348, 217, 352, 226, 326, 187, 335, 210, 337, 239, 335, 248, 337, 173, 337, 206, 320, 235, 313, 246, 352, 235, 335, 287, 350, 340, 340, 346, 359, 228, 353, 287, 370, 337, 359, 344
150, 65, 160, 79, 172, 105, 174, 110, 160, 89, 165, 101, 166, 117, 165, 122, 166, 81, 166, 99, 157, 115, 153, 121, 174, 115, 165, 143, 173, 172, 168, 175, 178, 111, 175, 143, 184, 170, 178, 174
307, 143, 324, 169, 346, 213, 350, 222, 324, 187, 333, 210, 329, 235, 331, 244, 335, 173, 337, 206, 320, 233, 313, 244, 348, 233, 333, 289, 351, 338, 340, 346, 357, 226, 351, 287, 362, 337, 351, 344
150, 65, 159, 79, 171, 103, 173, 108, 159, 89, 164, 101, 162, 115, 163, 120, 165, 81, 166, 99, 157, 114, 153, 120, 172, 114, 164, 144, 174, 171, 168, 175, 177, 110, 174, 143, 180, 170, 174, 174
306, 143, 322, 169, 342, 213, 346, 221, 322, 187, 329, 209, 318, 233, 318, 243, 333, 171, 337, 204, 322, 232, 315, 243, 346, 233, 337, 289, 350, 338, 342, 344, 355, 226, 348, 287, 355, 335, 344, 344
149, 65, 158, 79, 169, 103, 171, 107, 158, 89, 162, 101, 156, 114, 156, 119, 164, 80, 166, 98, 158, 113, 154, 119, 171, 114, 166, 144, 173, 171, 169, 174, 176, 110, 172, 143, 176, 169, 170, 174
304, 141, 320, 169, 340, 211, 344, 219, 322, 187, 324, 209, 307, 233, 304, 243, 331, 171, 335, 202, 322, 230, 316, 243, 346, 233, 337, 289, 350, 338, 344, 344, 353, 224, 346, 287, 350, 336, 338, 344
148, 64, 157, 79, 168, 102, 170, 106, 158, 89, 159, 101, 150, 114, 148, 119, 163, 80, 165, 97, 158, 112, 155, 119, 171, 114, 166, 144, 173, 171, 170, 174, 175, 109, 171, 143, 173, 170, 167, 174
302, 141, 320, 169, 339, 210, 342, 219, 320, 187, 320, 209, 300, 231, 294, 241, 331, 171, 335, 202, 324, 230, 316, 241, 344, 232, 339, 290, 350, 338, 344, 344, 352, 224, 344, 287, 346, 336, 335, 344
147, 64, 157, 79, 167, 101, 169, 106, 157, 89, 157, 101, 146, 113, 143, 118, 163, 80, 165, 97, 159, 112, 155, 118, 170, 113, 167, 145, 173, 171, 170, 174, 174, 109, 170, 143, 171, 170, 165, 174
300, 143, 318, 171, 337, 210, 340, 217, 318, 187, 317, 211, 293, 231, 285, 241, 329, 171, 335, 202, 324, 230, 318, 241, 342, 233, 340, 290, 348, 338, 344, 344, 350, 224, 340, 287, 342, 336, 331, 346
146, 65, 156, 80, 166, 101, 168, 105, 156, 89, 155, 102, 142, 113, 138, 118, 162, 80, 165, 97, 159, 112, 156, 118, 169, 114, 168, 145, 172, 171, 170, 174, 173, 109, 168, 143, 169, 170, 163, 175
298, 143, 317, 171, 335, 211, 339, 221, 317, 189, 313, 211, 287, 231, 280, 241, 328, 171, 333, 202, 324, 230, 318, 241, 339, 235, 340, 292, 348, 338, 346, 344, 348, 224, 339, 287, 340, 336, 329, 346
145, 65, 155, 80, 165, 102, 167, 107, 155, 90, 153, 102, 139, 113, 135, 118, 161, 80, 164, 97, 159, 112, 156, 118, 167, 115, 168, 146, 172, 171, 171, 174, 172, 109, 167, 143, 168, 170, 162, 175
295, 143, 311, 171, 331, 211, 335, 219, 313, 187, 309, 213, 283, 231, 276, 241, 326, 171, 333, 202, 324, 230, 318, 243, 337, 233, 340, 292, 348, 338, 346, 344, 346, 224, 337, 287, 337, 336, 326, 346
143, 65, 152, 80, 163, 102, 165, 106, 153, 89, 151, 103, 137, 113, 133, 118, 160, 80, 164, 97, 159, 112, 156, 119, 166, 114, 168, 146, 172, 171, 171, 174, 171, 109, 166, 143, 166, 170, 160, 175
293, 143, 309, 171, 329, 211, 333, 219, 311, 189, 307, 213, 280, 231, 272, 241, 324, 171, 331, 202, 324, 232, 318, 244, 335, 233, 342, 292, 348, 338, 346, 344, 344, 224, 335, 287, 335, 336, 324, 346
142, 65, 151, 80, 162, 102, 164, 106, 152, 90, 150, 103, 135, 113, 131, 118, 159, 80, 163, 97, 159, 113, 156, 120, 165, 114, 169, 146, 172, 171, 171, 174, 170, 109, 165, 143, 165, 170, 159, 175
289, 143, 307, 171, 328, 211, 331, 219, 309, 189, 305, 213, 278, 233, 270, 241, 322, 173, 331, 202, 322, 233, 318, 244, 333, 233, 342, 294, 348, 338, 344, 344, 342, 224, 333, 287, 333, 336, 322, 344
140, 65, 150, 80, 161, 102, 163, 106, 151, 90, 149, 103, 134, 114, 130, 118, 158, 81, 163, 97, 158, 114, 156, 120, 164, 114, 169, 147, 172, 171, 170, 174, 169, 109, 164, 143, 164, 170, 158, 174
287, 143, 304, 169, 324, 211, 328, 219, 306, 187, 302, 213, 280, 233, 274, 242, 320, 173, 329, 202, 320, 233, 316, 246, 326, 232, 333, 287, 346, 336, 346, 344, 337, 226, 333, 287, 333, 336, 322, 346
139, 65, 148, 79, 159, 102, 161, 106, 149, 89, 147, 103, 135, 114, 132, 119, 157, 81, 162, 97, 157, 114, 155, 121, 160, 113, 164, 143, 171, 170, 171, 174, 166, 110, 164, 143, 164, 170, 158, 175
285, 143, 302, 169, 322, 211, 326, 221, 304, 187, 300, 213, 282, 235, 276, 244, 318, 173, 328, 202, 317, 235, 313, 246, 324, 232, 327, 285, 346, 336, 344, 344, 335, 226, 331, 287, 331, 336, 322, 344
138, 65, 147, 79, 158, 102, 160, 107, 148, 89, 146, 103, 136, 115, 133, 120, 156, 81, 161, 97, 155, 115, 153, 121, 159, 113, 161, 142, 171, 170, 170, 174, 165, 110, 163, 143, 163, 170, 158, 174
284, 143, 300, 169, 320, 211, 324, 221, 302, 187, 300, 215, 283, 237, 278, 246, 318, 173, 324, 202, 313, 237, 309, 248, 322, 232, 324, 285, 344, 336, 338, 342, 333, 226, 329, 287, 329, 336, 322, 344
137, 65, 146, 79, 157, 102, 159, 107, 147, 89, 146, 104, 137, 116, 134, 121, 156, 81, 159, 97, 153, 116, 151, 122, 158, 113, 159, 142, 170, 170, 167, 173, 164, 110, 162, 143, 162, 170, 158, 174
280, 143, 296, 167, 318, 211, 322, 221, 300, 187, 298, 213, 294, 239, 291, 246, 317, 173, 320, 204, 307, 237, 302, 248, 320, 232, 318, 283, 333, 335, 326, 340, 333, 226, 327, 287, 329, 336, 322, 342
135, 65, 144, 78, 156, 102, 158, 107, 146, 89, 145, 103, 143, 117, 141, 121, 155, 81, 157, 98, 150, 116, 147, 122, 157, 113, 156, 141, 164, 169, 160, 172, 164, 110, 161, 143, 162, 170, 158, 173
278, 143, 295, 167, 318, 211, 322, 222, 296, 186, 296, 213, 300, 239, 300, 246, 315, 173, 318, 204, 302, 237, 296, 248, 320, 232, 315, 283, 326, 335, 318, 340, 331, 226, 326, 287, 329, 336, 320, 342
134, 65, 143, 78, 156, 102, 158, 108, 144, 88, 144, 103, 146, 117, 146, 121, 154, 81, 156, 98, 147, 116, 144, 122, 157, 113, 154, 141, 160, 169, 156, 172, 163, 110, 160, 143, 162, 170, 157, 173
276, 143, 293, 165, 317, 213, 320, 222, 294, 186, 294, 213, 304, 239, 305, 246, 313, 175, 315, 204, 296, 237, 291, 248, 318, 232, 311, 283, 322, 335, 313, 340, 331, 226, 324, 287, 329, 336, 320, 342
133, 65, 142, 77, 155, 103, 157, 108, 143, 88, 143, 103, 148, 117, 149, 121, 153, 82, 154, 98, 144, 116, 141, 122, 156, 113, 152, 141, 158, 169, 153, 172, 163, 110, 159, 143, 162, 170, 157, 173
274, 141, 291, 165, 315, 213, 320, 222, 293, 186, 293, 213, 305, 239, 307, 246, 311, 175, 311, 206, 291, 239, 285, 250, 318, 232, 307, 283, 318, 335, 309, 340, 329, 228, 322, 287, 329, 336, 320, 340
132, 64, 141, 77, 154, 103, 157, 108, 142, 88, 142, 103, 149, 117, 150, 121, 152, 82, 152, 99, 141, 117, 138, 123, 156, 113, 150, 141, 156, 169, 151, 172, 162, 111, 158, 143, 162, 170, 157, 172
272, 141, 289, 165, 315, 213, 318, 224, 291, 184, 293, 211, 307, 239, 309, 246, 309, 175, 307, 206, 287, 239, 280, 250, 317, 232, 304, 283, 315, 333, 305, 340, 328, 228, 320, 287, 327, 336, 320, 340
131, 64, 140, 77, 154, 103, 156, 109, 141, 87, 142, 102, 150, 117, 151, 121, 151, 82, 150, 99, 139, 117, 135, 123, 155, 113, 148, 141, 154, 168, 149, 172, 161, 111, 157, 143, 161, 170, 157, 172
271, 141, 287, 163, 313, 213, 318, 224, 287, 184, 291, 211, 309, 239, 311, 246, 307, 175, 304, 206, 283, 239, 278, 250, 315, 232, 302, 283, 313, 333, 303, 338, 328, 228, 320, 289, 327, 336, 320, 340
130, 64, 139, 76, 153, 103, 156, 109, 139, 87, 141, 102, 151, 117, 152, 121, 150, 82, 148, 99, 137, 117, 134, 123, 154, 113, 147, 141, 153, 168, 148, 171, 161, 111, 157, 144, 161, 170, 157, 172
269, 140, 283, 162, 311, 213, 317, 224, 285, 182, 289, 209, 309, 239, 313, 244, 304, 175, 302, 206, 282, 239, 274, 250, 313, 232, 300, 285, 311, 333, 300, 338, 326, 228, 318, 289, 327, 336, 318, 340
129, 63, 137, 75, 152, 103, 155, 109, 138, 86, 140, 101, 151, 117, 153, 120, 148, 82, 147, 99, 136, 117, 132, 123, 153, 113, 146, 142, 152, 168, 146, 171, 160, 111, 156, 144, 161, 170, 156, 172
267, 139, 282, 162, 309, 213, 315, 224, 283, 182, 289, 209, 311, 237, 311, 244, 302, 175, 300, 206, 280, 237, 272, 248, 313, 232, 298, 285, 309, 333, 298, 338, 324, 226, 316, 289, 327, 336, 318, 340
128, 63, 136, 75, 151, 103, 154, 109, 137, 86, 140, 101, 152, 116, 152, 120, 147, 82, 146, 99, 135, 116, 131, 122, 153, 113, 145, 142, 151, 168, 145, 171, 159, 110, 155, 144, 161, 170, 156, 172
267, 139, 282, 162, 309, 211, 317, 222, 282, 182, 287, 209, 311, 237, 311, 244, 298, 173, 298, 206, 278, 237, 272, 246, 313, 230, 307, 287, 307, 333, 298, 338, 324, 224, 315, 289, 327, 336, 318, 340
128, 63, 136, 75, 151, 102, 155, 108, 136, 86, 139, 101, 152, 116, 152, 120, 145, 81, 145, 99, 134, 116, 131, 121, 153, 112, 150, 143, 150, 168, 145, 171, 159, 109, 154, 144, 161, 170, 156, 172
265, 138, 280, 162, 307, 211, 313, 222, 280, 182, 287, 209, 298, 237, 293, 246, 296, 171, 296, 204, 278, 235, 272, 246, 311, 230, 307, 287, 307, 333, 298, 340, 318, 224, 309, 287, 320, 336, 309, 342
127, 62, 135, 75, 150, 102, 153, 108, 135, 86, 139, 101, 145, 116, 142, 121, 144, 80, 144, 98, 134, 115, 131, 121, 152, 112, 150, 143, 150, 168, 145, 172, 156, 109, 151, 143, 157, 170, 151, 173
263, 138, 278, 163, 305, 211, 311, 222, 280, 182, 285, 209, 283, 237, 282, 246, 295, 171, 294, 202, 278, 233, 272, 244, 309, 230, 307, 287, 307, 333, 300, 340, 317, 222, 307, 287, 313, 336, 298, 344
126, 62, 134, 76, 149, 102, 152, 108, 135, 86, 138, 101, 137, 116, 136, 121, 143, 80, 143, 97, 134, 114, 131, 120, 151, 112, 150, 143, 150, 168, 146, 172, 155, 108, 150, 143, 153, 170, 145, 174
261, 138, 278, 165, 304, 213, 307, 222, 278, 182, 282, 209, 269, 237, 265, 244, 293, 171, 294, 202, 278, 233, 274, 242, 307, 232, 307, 287, 307, 333, 300, 342, 313, 222, 304, 287, 302, 336, 289, 346
125, 62, 134, 77, 148, 103, 150, 108, 134, 86, 136, 101, 129, 116, 127, 120, 142, 80, 143, 97, 134, 114, 132, 119, 150, 113, 150, 143, 150, 168, 146, 173, 153, 108, 148, 143, 147, 170, 140, 175
260, 138, 274, 163, 300, 213, 305, 222, 276, 182, 278, 211, 259, 237, 250, 244, 291, 169, 294, 202, 280, 231, 274, 242, 304, 232, 307, 289, 305, 333, 300, 342, 311, 222, 300, 287, 294, 336, 281, 346
124, 62, 132, 76, 146, 103, 149, 108, 133, 86, 134, 102, 124, 116, 119, 120, 141, 79, 143, 97, 135, 113, 132, 119, 148, 113, 150, 144, 149, 168, 146, 173, 152, 108, 146, 143, 143, 170, 136, 175
258, 138, 272, 165, 300, 213, 304, 222, 274, 182, 274, 211, 252, 237, 243, 244, 287, 169, 293, 200, 280, 231, 276, 242, 302, 232, 307, 289, 305, 333, 300, 342, 309, 222, 298, 287, 291, 336, 276, 347
123, 62, 131, 77, 146, 103, 148, 108, 132, 86, 132, 102, 120, 116, 115, 120, 139, 79, 142, 96, 135, 113, 133, 119, 147, 113, 150, 144, 149, 168, 146, 173, 151, 108, 145, 143, 141, 170, 133, 176
256, 139, 271, 165, 296, 215, 302, 224, 272, 182, 271, 213, 245, 237, 235, 244, 285, 169, 293, 200, 280, 231, 276, 242, 300, 233, 307, 290, 305, 335, 300, 344, 307, 224, 294, 287, 287, 338, 272, 347
122, 63, 130, 77, 144, 104, 147, 109, 131, 86, 130, 103, 116, 116, 111, 120, 138, 79, 142, 96, 135, 113, 133, 119, 146, 114, 150, 145, 149, 169, 146, 174, 150, 109, 143, 143, 139, 171, 131, 176
252, 139, 269, 167, 293, 213, 298, 222, 271, 184, 267, 213, 239, 237, 230, 244, 283, 169, 291, 200, 280, 231, 276, 242, 298, 233, 307, 292, 305, 335, 300, 344, 304, 224, 291, 287, 283, 338, 270, 347
120, 63, 129, 78, 142, 103, 145, 108, 130, 87, 128, 103, 113, 116, 108, 120, 137, 79, 141, 96, 135, 113, 133, 119, 145, 114, 150, 146, 149, 169, 146, 174, 148, 109, 141, 143, 137, 171, 130, 176
249, 139, 267, 167, 291, 213, 296, 222, 267, 184, 265, 213, 235, 237, 226, 244, 280, 169, 289, 200, 278, 231, 272, 242, 296, 233, 305, 292, 305, 335, 300, 344, 304, 224, 287, 287, 279, 338, 267, 347
118, 63, 128, 78, 141, 103, 144, 108, 128, 87, 127, 103, 111, 116, 106, 120, 135, 79, 140, 96, 134, 113, 131, 119, 144, 114, 149, 146, 149, 169, 146, 174, 148, 109, 139, 143, 135, 171, 128, 176
245, 138, 261, 165, 285, 213, 291, 222, 263, 182, 259, 213, 232, 237, 223, 244, 276, 169, 285, 200, 272, 231, 267, 242, 291, 231, 302, 292, 303, 335, 302, 344, 298, 224, 285, 287, 278, 338, 265, 349
116, 62, 125, 77, 138, 103, 141, 108, 126, 86, 124, 103, 109, 116, 104, 120, 133, 79, 138, 96, 131, 113, 128, 119, 141, 113, 147, 146, 148, 169, 147, 174, 145, 109, 138, 143, 134, 171, 127, 177
239, 138, 254, 163, 282, 211, 285, 220, 260, 182, 258, 213, 230, 239, 224, 248, 272, 169, 278, 200, 265, 231, 259, 242, 285, 230, 296, 290, 302, 333, 294, 340, 294, 222, 283, 287, 276, 338, 265, 349
113, 62, 121, 76, 136, 102, 138, 107, 124, 86, 123, 103, 108, 117, 105, 122, 131, 79, 134, 96, 127, 113, 124, 119, 138, 112, 144, 145, 147, 168, 143, 172, 143, 108, 137, 143, 133, 171, 127, 177
238, 138, 252, 163, 280, 211, 285, 220, 256, 182, 256, 213, 234, 242, 234, 257, 269, 169, 272, 202, 258, 231, 252, 242, 285, 230, 281, 288, 291, 335, 281, 342, 293, 222, 280, 287, 274, 338, 265, 349
112, 62, 120, 76, 135, 102, 138, 107, 122, 86, 122, 103, 110, 119, 110, 127, 129, 79, 131, 97, 123, 113, 120, 119, 138, 112, 136, 144, 141, 169, 136, 173, 142, 108, 135, 143, 132, 171, 127, 177
232, 136, 247, 162, 274, 209, 280, 220, 252, 180, 254, 213, 237, 242, 241, 255, 265, 169, 265, 202, 248, 233, 245, 244, 280, 228, 270, 287, 278, 334, 268, 342, 289, 224, 278, 287, 274, 338, 265, 349
109, 61, 117, 75, 132, 101, 135, 107, 120, 85, 121, 103, 112, 119, 114, 126, 127, 79, 127, 97, 118, 114, 116, 120, 135, 111, 130, 143, 134, 169, 129, 173, 140, 109, 134, 143, 132, 171, 127, 177
228, 136, 243, 162, 271, 209, 276, 220, 248, 180, 252, 213, 239, 242, 246, 255, 261, 171, 259, 202, 243, 233, 237, 244, 274, 228, 261, 287, 270, 336, 259, 342, 285, 224, 274, 288, 274, 338, 265, 349
107, 61, 115, 75, 130, 101, 133, 107, 118, 85, 120, 103, 113, 119, 117, 126, 125, 80, 124, 97, 115, 114, 112, 120, 132, 111, 125, 143, 130, 170, 124, 173, 138, 109, 132, 144, 132, 171, 127, 177
225, 138, 239, 163, 269, 211, 274, 220, 247, 182, 250, 215, 245, 244, 252, 257, 258, 171, 256, 204, 237, 233, 232, 244, 274, 230, 254, 287, 265, 336, 256, 342, 283, 224, 272, 288, 274, 338, 265, 349
105, 62, 113, 76, 129, 102, 132, 107, 117, 86, 119, 104, 116, 120, 120, 127, 123, 80, 122, 98, 112, 114, 109, 120, 132, 112, 121, 143, 127, 170, 122, 173, 137, 109, 131, 144, 132, 171, 127, 177
221, 138, 236, 163, 265, 211, 271, 220, 241, 182, 248, 215, 247, 244, 254, 255, 254, 173, 250, 204, 234, 233, 228, 244, 269, 230, 250, 287, 261, 336, 250, 342, 278, 226, 269, 288, 274, 338, 267, 349
103, 62, 111, 76, 127, 102, 130, 107, 114, 86, 118, 104, 117, 120, 121, 126, 121, 81, 119, 98, 110, 114, 107, 120, 129, 112, 119, 143, 125, 170, 119, 173, 134, 110, 129, 144, 132, 171, 128, 177
219, 139, 234, 163, 263, 211, 269, 220, 239, 182, 247, 217, 248, 244, 256, 257, 250, 173, 248, 206, 230, 233, 224, 244, 269, 230, 254, 285, 257, 336, 248, 342, 278, 226, 267, 288, 274, 338, 267, 349
102, 63, 110, 76, 126, 102, 129, 107, 113, 86, 117, 105, 118, 120, 122, 127, 119, 81, 118, 99, 108, 114, 105, 120, 129, 112, 121, 142, 123, 170, 118, 173, 134, 110, 128, 144, 132, 171, 128, 177
215, 139, 230, 163, 259, 211, 265, 220, 236, 182, 245, 217, 248, 244, 258, 255, 247, 173, 245, 206, 228, 233, 223, 244, 265, 228, 250, 285, 254, 336, 244, 342, 274, 226, 263, 290, 274, 338, 267, 349
100, 63, 108, 76, 124, 102, 127, 107, 111, 86, 116, 105, 118, 120, 123, 126, 117, 81, 116, 99, 107, 114, 104, 120, 127, 111, 119, 142, 121, 170, 116, 173, 132, 110, 126, 145, 132, 171, 128, 177
214, 139, 228, 165, 258, 211, 265, 220, 234, 182, 243, 217, 250, 246, 259, 255, 245, 173, 243, 206, 226, 233, 221, 244, 263, 228, 254, 285, 252, 336, 243, 344, 272, 224, 261, 290, 272, 338, 267, 349
99, 63, 107, 77, 123, 102, 127, 107, 110, 86, 115, 105, 119, 121, 124, 126, 116, 81, 115, 99, 106, 114, 103, 120, 126, 111, 121, 142, 120, 170, 115, 174, 131, 109, 125, 145, 131, 171, 128, 177
212, 139, 226, 165, 256, 211, 261, 220, 232, 182, 241, 217, 250, 246, 259, 255, 241, 173, 241, 206, 224, 233, 221, 244, 261, 230, 252, 285, 248, 336, 237, 344, 270, 226, 257, 290, 272, 338, 263, 349
98, 63, 106, 77, 122, 102, 125, 107, 109, 86, 114, 105, 119, 121, 124, 126, 114, 81, 114, 99, 105, 114, 103, 120, 125, 112, 120, 142, 118, 170, 112, 174, 130, 110, 123, 145, 131, 171, 126, 177
210, 139, 225, 165, 254, 211, 261, 220, 230, 182, 241, 219, 241, 241, 248, 250, 239, 173, 241, 204, 226, 233, 221, 242, 259, 228, 252, 285, 250, 336, 239, 344, 269, 224, 254, 288, 265, 340, 255, 349
97, 63, 105, 77, 121, 102, 125, 107, 108, 86, 114, 106, 114, 118, 118, 123, 113, 81, 114, 98, 106, 114, 103, 119, 124, 111, 120, 142, 119, 170, 113, 174, 129, 109, 121, 144, 127, 172, 122, 177
208, 139, 223, 163, 250, 209, 256, 220, 226, 182, 234, 215, 228, 239, 232, 246, 237, 173, 241, 204, 228, 231, 223, 242, 254, 228, 252, 285, 248, 336, 237, 344, 263, 224, 250, 288, 252, 340, 243, 349
96, 63, 104, 76, 119, 101, 122, 107, 106, 86, 110, 104, 107, 117, 109, 121, 112, 81, 114, 98, 107, 113, 104, 119, 121, 111, 120, 142, 118, 170, 112, 174, 126, 109, 119, 144, 120, 172, 115, 177
206, 138, 221, 163, 247, 209, 252, 219, 225, 182, 230, 213, 219, 235, 215, 242, 236, 171, 241, 202, 228, 230, 224, 242, 250, 226, 250, 287, 248, 336, 239, 344, 259, 224, 246, 288, 243, 340, 230, 349
95, 62, 103, 76, 117, 101, 120, 106, 105, 86, 108, 103, 102, 115, 100, 119, 111, 80, 114, 97, 107, 112, 105, 119, 119, 110, 119, 143, 118, 170, 113, 174, 124, 109, 117, 144, 115, 172, 108, 177
204, 138, 219, 161, 245, 209, 250, 219, 223, 180, 223, 211, 208, 231, 199, 239, 234, 171, 241, 202, 230, 230, 224, 241, 247, 226, 248, 288, 248, 334, 241, 344, 258, 224, 243, 288, 235, 340, 222, 349
94, 62, 102, 75, 116, 101, 119, 106, 104, 85, 104, 102, 96, 113, 91, 117, 110, 80, 114, 97, 108, 112, 105, 118, 117, 110, 118, 144, 118, 169, 114, 174, 123, 109, 115, 144, 111, 172, 104, 177
203, 138, 219, 161, 243, 209, 248, 219, 221, 182, 217, 211, 197, 231, 186, 237, 232, 171, 239, 200, 230, 230, 224, 241, 247, 226, 252, 288, 246, 331, 241, 340, 256, 222, 239, 287, 232, 340, 217, 349
93, 62, 102, 75, 115, 101, 118, 106, 103, 86, 101, 102, 90, 113, 84, 116, 109, 80, 113, 96, 108, 112, 105, 118, 117, 110, 120, 144, 117, 167, 114, 172, 122, 108, 113, 143, 109, 172, 101, 177
201, 137, 215, 161, 239, 207, 243, 217, 219, 180, 212, 211, 186, 229, 173, 237, 230, 171, 239, 200, 230, 230, 224, 241, 241, 226, 250, 290, 248, 329, 243, 340, 250, 222, 235, 287, 226, 340, 211, 349
92, 62, 100, 75, 113, 100, 115, 105, 102, 85, 98, 102, 84, 112, 77, 116, 108, 80, 113, 96, 108, 112, 105, 118, 114, 110, 119, 145, 118, 166, 115, 172, 119, 108, 111, 143, 106, 172, 98, 177
199, 137, 214, 161, 236, 207, 239, 217, 214, 182, 206, 211, 178, 229, 164, 235, 228, 171, 239, 200, 230, 230, 224, 241, 237, 226, 250, 292, 248, 329, 243, 340, 247, 222, 234, 287, 224, 340, 208, 347
91, 62, 99, 75, 111, 100, 113, 105, 99, 86, 95, 102, 80, 112, 72, 115, 107, 80, 113, 96, 108, 112, 105, 118, 112, 110, 119, 146, 118, 166, 115, 172, 117, 108, 110, 143, 105, 172, 96, 176
195, 136, 212, 161, 232, 207, 236, 217, 212, 182, 201, 209, 173, 229, 158, 235, 226, 171, 237, 200, 228, 228, 224, 241, 236, 226, 246, 292, 250, 329, 243, 340, 245, 222, 230, 287, 220, 340, 206, 347
89, 61, 98, 75, 109, 100, 111, 105, 98, 86, 92, 101, 77, 112, 69, 115, 106, 80, 112, 96, 107, 111, 105, 118, 111, 110, 117, 146, 119, 166, 115, 172, 116, 108, 108, 143, 103, 172, 95, 176
193, 136, 208, 160, 228, 207, 232, 217, 208, 184, 197, 209, 169, 228, 153, 235, 223, 171, 236, 200, 226, 228, 223, 241, 232, 226, 245, 292, 250, 329, 244, 340, 241, 222, 228, 287, 219, 340, 204, 347
88, 61, 96, 74, 107, 100, 109, 105, 96, 87, 90, 101, 75, 111, 66, 115, 104, 80, 111, 96, 106, 111, 104, 118, 109, 110, 116, 146, 119, 166, 116, 172, 114, 108, 107, 143, 102, 172, 94, 176
190, 136, 204, 160, 225, 206, 230, 215, 204, 184, 195, 209, 165, 229, 153, 237, 221, 171, 232, 200, 221, 228, 217, 241, 228, 226, 243, 292, 250, 331, 244, 342, 237, 222, 226, 287, 217, 340, 202, 349
86, 61, 94, 74, 105, 99, 108, 104, 94, 87, 89, 101, 73, 112, 66, 116, 103, 80, 109, 96, 103, 111, 101, 118, 107, 110, 115, 146, 119, 167, 116, 173, 112, 108, 106, 143, 101, 172, 93, 177
186, 134, 201, 158, 221, 206, 226, 215, 202, 184, 191, 209, 165, 231, 154, 240, 217, 169, 226, 200, 213, 229, 210, 241, 224, 226, 239, 292, 248, 331, 244, 342, 234, 222, 224, 287, 215, 340, 202, 349
84, 60, 92, 73, 103, 99, 106, 104, 93, 87, 87, 101, 73, 113, 67, 118, 101, 79, 106, 96, 99, 112, 97, 118, 105, 110, 113, 146, 118, 167, 116, 173, 110, 108, 105, 143, 100, 172, 93, 177
182, 134, 197, 158, 219, 206, 223, 215, 199, 184, 189, 209, 164, 231, 154, 240, 214, 169, 219, 200, 204, 229, 200, 239, 221, 228, 237, 294, 248, 331, 241, 340, 230, 222, 222, 287, 213, 340, 202, 347
82, 60, 90, 73, 102, 99, 104, 104, 91, 87, 86, 101, 72, 113, 67, 118, 99, 79, 102, 96, 94, 112, 92, 117, 103, 111, 112, 147, 118, 167, 114, 172, 108, 108, 104, 143, 99, 172, 93, 176
179, 132, 191, 156, 212, 207, 215, 217, 195, 183, 188, 209, 173, 239, 165, 248, 210, 169, 212, 200, 197, 229, 191, 239, 212, 228, 221, 290, 230, 333, 220, 342, 223, 222, 219, 287, 213, 340, 202, 347
80, 59, 87, 72, 98, 100, 100, 105, 89, 87, 85, 101, 77, 117, 73, 122, 97, 79, 98, 96, 90, 112, 87, 117, 98, 111, 103, 145, 108, 168, 103, 173, 104, 108, 102, 143, 99, 172, 93, 176
175, 134, 188, 160, 208, 209, 212, 218, 191, 185, 186, 213, 178, 244, 180, 255, 204, 169, 206, 200, 189, 229, 182, 240, 208, 229, 210, 290, 215, 334, 206, 342, 219, 224, 217, 287, 213, 340, 204, 347
78, 60, 85, 74, 96, 101, 98, 106, 87, 88, 84, 103, 80, 120, 81, 126, 94, 79, 95, 96, 86, 112, 82, 118, 96, 112, 97, 145, 100, 169, 95, 173, 102, 109, 101, 143, 99, 172, 94, 176
169, 134, 184, 160, 204, 209, 208, 220, 186, 185, 184, 213, 186, 246, 191, 252, 201, 169, 202, 200, 182, 229, 177, 240, 206, 231, 202, 290, 206, 336, 197, 344, 217, 226, 215, 286, 215, 340, 206, 349
75, 60, 83, 74, 94, 101, 96, 107, 84, 88, 83, 103, 84, 121, 87, 124, 92, 79, 93, 96, 82, 112, 79, 118, 95, 113, 93, 145, 95, 170, 90, 174, 101, 110, 100, 143, 100, 172, 95, 177
166, 134, 179, 160, 201, 211, 206, 220, 182, 185, 182, 213, 188, 248, 195, 252, 197, 171, 197, 200, 177, 229, 171, 240, 202, 231, 197, 288, 200, 336, 191, 344, 213, 226, 213, 288, 215, 340, 208, 349
73, 60, 80, 74, 92, 102, 95, 107, 82, 88, 82, 103, 85, 122, 89, 124, 90, 80, 90, 96, 79, 112, 76, 118, 93, 113, 90, 144, 92, 170, 87, 174, 99, 110, 99, 144, 100, 172, 96, 177
160, 134, 175, 160, 199, 211, 202, 222, 178, 185, 180, 215, 189, 250, 197, 252, 193, 171, 191, 200, 173, 229, 165, 240, 199, 231, 191, 288, 195, 338, 185, 344, 212, 228, 211, 288, 215, 340, 209, 349
70, 60, 78, 74, 91, 102, 93, 108, 80, 88, 81, 104, 86, 123, 90, 124, 88, 80, 87, 96, 77, 112, 73, 118, 91, 113, 87, 144, 89, 171, 84, 174, 98, 111, 98, 144, 100, 172, 97, 177
156, 136, 171, 160, 195, 211, 201, 222, 175, 185, 178, 215, 189, 250, 199, 250, 190, 171, 188, 202, 167, 229, 160, 240, 197, 233, 186, 288, 191, 338, 182, 344, 208, 228, 208, 288, 215, 340, 209, 349
68, 61, 76, 74, 89, 102, 92, 108, 78, 88, 80, 104, 86, 123, 91, 123, 86, 80, 85, 97, 74, 112, 70, 118, 90, 114, 84, 144, 87, 171, 82, 174, 96, 111, 96, 144, 100, 172, 97, 177
155, 136, 167, 159, 193, 213, 197, 222, 173, 185, 177, 215, 191, 250, 200, 250, 186, 171, 184, 202, 164, 229, 156, 240, 193, 233, 182, 288, 187, 338, 180, 345, 206, 228, 206, 290, 215, 340, 209, 349
67, 61, 74, 74, 88, 103, 90, 108, 77, 88, 79, 104, 87, 123, 92, 123, 84, 80, 83, 97, 72, 112, 68, 118, 88, 114, 82, 144, 85, 171, 81, 175, 95, 111, 95, 145, 100, 172, 97, 177
151, 135, 166, 159, 191, 213, 195, 222, 169, 185, 175, 217, 191, 250, 202, 248, 182, 171, 180, 202, 162, 229, 154, 240, 191, 233, 178, 288, 185, 338, 178, 345, 204, 228, 202, 290, 215, 340, 211, 349
65, 61, 73, 74, 87, 103, 89, 108, 75, 88, 78, 105, 87, 123, 93, 122, 82, 80, 81, 97, 71, 112, 67, 118, 87, 114, 80, 144, 84, 171, 80, 175, 94, 111, 93, 145, 100, 172, 98, 177
149, 135, 164, 159, 188, 213, 193, 224, 167, 187, 175, 217, 193, 252, 202, 248, 180, 171, 178, 202, 158, 228, 151, 239, 189, 233, 176, 292, 187, 336, 178, 344, 201, 228, 200, 290, 215, 340, 211, 349
64, 61, 72, 74, 85, 103, 88, 109, 74, 89, 78, 105, 88, 124, 93, 122, 81, 80, 80, 97, 69, 111, 65, 117, 86, 114, 79, 146, 85, 170, 80, 174, 92, 111, 92, 145, 100, 172, 98, 177
147, 135, 162, 161, 186, 213, 191, 224, 166, 187, 173, 218, 184, 250, 191, 250, 177, 171, 177, 202, 156, 228, 149, 239, 188, 235, 180, 296, 180, 331, 176, 340, 199, 228, 197, 290, 215, 340, 209, 349
63, 61, 71, 75, 84, 103, 87, 109, 73, 89, 77, 106, 83, 123, 87, 123, 79, 80, 79, 97, 68, 111, 64, 117, 85, 115, 81, 148, 81, 167, 79, 172, 91, 111, 90, 145, 100, 172, 97, 177
144, 135, 158, 161, 184, 213, 189, 224, 162, 187, 171, 218, 177, 248, 178, 251, 175, 171, 173, 200, 154, 228, 147, 239, 186, 235, 182, 294, 171, 318, 171, 331, 197, 228, 193, 290, 213, 340, 206, 349
61, 61, 69, 75, 83, 103, 86, 109, 71, 89, 76, 106, 79, 122, 80, 124, 78, 80, 77, 96, 67, 111, 63, 117, 84, 115, 82, 147, 76, 160, 76, 167, 90, 111, 88, 145, 99, 172, 95, 177
142, 135, 158, 163, 184, 213, 188, 224, 160, 189, 169, 220, 175, 250, 175, 253, 171, 171, 171, 200, 151, 228, 145, 239, 184, 235, 182, 292, 174, 321, 169, 331, 195, 228, 184, 290, 200, 340, 191, 349
60, 61, 69, 76, 83, 103, 85, 109, 70, 90, 75, 107, 78, 123, 78, 125, 76, 80, 76, 96, 65, 111, 62, 117, 83, 115, 82, 146, 78, 162, 75, 167, 89, 111, 83, 145, 92, 172, 87, 177
142, 137, 156, 165, 182, 213, 186, 224, 158, 189, 167, 222, 158, 242, 154, 250, 169, 169, 169, 200, 149, 228, 141, 237, 184, 235, 180, 292, 180, 323, 174, 332, 195, 228, 176, 288, 184, 342, 172, 349
60, 62, 68, 77, 82, 103, 84, 109, 69, 90, 74, 108, 69, 119, 67, 123, 75, 79, 75, 96, 64, 111, 60, 116, 83, 115, 81, 146, 81, 163, 78, 168, 89, 111, 79, 144, 83, 173, 77, 177
140, 137, 155, 167, 180, 215, 186, 224, 156, 191, 158, 220, 143, 239, 134, 248, 166, 169, 167, 200, 147, 226, 140, 237, 182, 235, 178, 294, 182, 325, 176, 336, 193, 228, 171, 288, 169, 342, 156, 349
59, 62, 67, 78, 81, 104, 84, 109, 68, 91, 69, 107, 61, 117, 56, 122, 73, 79, 74, 96, 63, 110, 59, 116, 82, 115, 80, 147, 82, 164, 79, 170, 88, 111, 76, 144, 75, 173, 68, 177
136, 137, 153, 167, 177, 215, 180, 224, 155, 191, 151, 218, 127, 235, 117, 244, 162, 169, 166, 200, 147, 226, 140, 237, 180, 235, 176, 294, 184, 327, 178, 336, 188, 228, 167, 288, 158, 342, 143, 347
57, 62, 66, 78, 79, 104, 81, 109, 67, 91, 65, 106, 52, 115, 47, 120, 71, 79, 73, 96, 63, 110, 59, 116, 81, 115, 79, 147, 83, 165, 80, 170, 85, 111, 74, 144, 69, 173, 61, 176
134, 139, 151, 169, 173, 215, 177, 224, 153, 193, 143, 218, 116, 233, 103, 240, 160, 171, 164, 200, 145, 228, 138, 237, 177, 237, 175, 294, 185, 329, 180, 338, 182, 228, 163, 288, 150, 342, 136, 347
56, 63, 65, 79, 77, 104, 79, 109, 66, 92, 61, 106, 46, 114, 39, 118, 70, 80, 72, 96, 62, 111, 58, 116, 79, 116, 78, 147, 84, 166, 81, 171, 82, 111, 72, 144, 65, 173, 57, 176
131, 141, 147, 170, 167, 215, 171, 224, 149, 194, 136, 218, 105, 233, 93, 238, 156, 171, 162, 200, 143, 228, 136, 239, 173, 237, 171, 294, 187, 331, 182, 340, 178, 229, 158, 288, 145, 342, 130, 347
54, 64, 63, 80, 74, 104, 76, 109, 64, 93, 57, 106, 40, 114, 34, 117, 68, 80, 71, 96, 61, 111, 57, 117, 77, 116, 76, 147, 85, 167, 82, 172, 80, 112, 69, 144, 62, 173, 54, 176
127, 141, 144, 172, 164, 217, 167, 224, 147, 194, 130, 218, 97, 231, 86, 238, 153, 170, 160, 202, 142, 229, 136, 239, 169, 237, 167, 294, 189, 331, 185, 340, 173, 229, 152, 288, 141, 342, 124, 347
52, 64, 61, 81, 72, 105, 74, 109, 63, 93, 54, 106, 36, 113, 30, 117, 66, 80, 70, 97, 60, 112, 57, 117, 75, 116, 74, 147, 86, 167, 84, 172, 77, 112, 66, 144, 60, 173, 51, 176
123, 143, 140, 172, 158, 217, 162, 224, 143, 196, 127, 216, 92, 229, 79, 237, 149, 170, 156, 202, 140, 229, 134, 239, 165, 237, 165, 294, 189, 333, 185, 342, 167, 229, 149, 288, 137, 342, 121, 347
50, 65, 59, 81, 69, 105, 71, 109, 61, 94, 52, 105, 33, 112, 26, 116, 64, 80, 68, 97, 59, 112, 56, 117, 73, 116, 73, 147, 86, 168, 84, 173, 74, 112, 64, 144, 58, 173, 49, 176
120, 143, 134, 172, 154, 216, 158, 224, 140, 196, 123, 216, 86, 229, 73, 237, 145, 170, 151, 202, 136, 231, 130, 240, 160, 239, 163, 296, 189, 333, 184, 342, 164, 229, 145, 288, 134, 342, 119, 347
48, 65, 56, 81, 67, 105, 69, 109, 59, 94, 50, 105, 30, 112, 23, 116, 62, 80, 65, 97, 57, 113, 54, 118, 70, 117, 72, 148, 86, 168, 83, 173, 72, 112, 62, 144, 56, 173, 48, 176
114, 143, 131, 172, 151, 216, 154, 224, 136, 196, 119, 216, 84, 231, 71, 237, 142, 170, 145, 204, 130, 231, 125, 240, 158, 239, 162, 296, 185, 334, 178, 342, 160, 229, 143, 288, 132, 342, 119, 349
45, 65, 54, 81, 65, 105, 67, 109, 57, 94, 48, 105, 29, 113, 22, 116, 60, 80, 62, 98, 54, 113, 51, 118, 69, 117, 71, 148, 84, 169, 80, 173, 70, 112, 61, 144, 55, 173, 48, 177
112, 143, 129, 174, 149, 216, 153, 224, 132, 196, 118, 216, 81, 231, 69, 237, 138, 170, 142, 204, 123, 233, 119, 242, 156, 237, 160, 296, 182, 334, 174, 344, 160, 229, 139, 288, 130, 342, 119, 349
44, 65, 53, 82, 64, 105, 66, 109, 55, 94, 47, 105, 27, 113, 21, 116, 58, 80, 60, 98, 50, 114, 48, 119, 68, 116, 70, 148, 82, 169, 78, 174, 70, 112, 59, 144, 54, 173, 48, 177
107, 143, 123, 172, 145, 215, 151, 224, 129, 198, 116, 216, 86, 237, 79, 244, 134, 170, 134, 204, 116, 231, 110, 242, 153, 237, 156, 296, 174, 336, 163, 344, 156, 229, 138, 288, 130, 342, 121, 349
41, 65, 50, 81, 62, 104, 65, 109, 53, 95, 46, 105, 30, 116, 26, 120, 56, 80, 56, 98, 46, 113, 43, 119, 66, 116, 68, 148, 78, 170, 72, 174, 68, 112, 58, 144, 54, 173, 49, 177
99, 139, 112, 167, 140, 213, 145, 222, 121, 194, 112, 216, 95, 238, 90, 246, 129, 170, 125, 204, 105, 231, 97, 242, 145, 231, 151, 290, 154, 332, 145, 342, 153, 228, 136, 288, 132, 342, 121, 349
37, 63, 44, 78, 59, 103, 62, 108, 49, 93, 44, 105, 35, 117, 32, 121, 53, 80, 51, 98, 40, 113, 36, 119, 62, 113, 65, 145, 67, 168, 62, 173, 66, 111, 57, 144, 55, 173, 49, 177
94, 139, 108, 167, 136, 213, 142, 222, 118, 194, 108, 216, 106, 244, 103, 251, 123, 170, 118, 204, 97, 231, 90, 242, 142, 231, 147, 290, 137, 336, 128, 342, 149, 226, 134, 288, 134, 342, 123, 349
34, 63, 42, 78, 57, 103, 60, 108, 47, 93, 42, 105, 41, 120, 39, 124, 50, 80, 47, 98, 36, 113, 32, 119, 60, 113, 63, 145, 58, 170, 53, 173, 64, 110, 56, 144, 56, 173, 50, 177
90, 139, 105, 167, 132, 211, 138, 220, 114, 194, 106, 216, 108, 244, 106, 255, 118, 170, 110, 204, 90, 233, 84, 244, 138, 229, 143, 290, 126, 336, 119, 344, 145, 226, 132, 288, 134, 344, 124, 349
32, 63, 40, 78, 55, 102, 58, 107, 45, 93, 41, 105, 42, 120, 41, 126, 47, 80, 43, 98, 32, 114, 29, 120, 58, 112, 61, 145, 52, 170, 48, 174, 62, 110, 55, 144, 56, 174, 51, 177
86, 139, 99, 165, 129, 211, 134, 220, 108, 194, 105, 216, 110, 246, 108, 255, 112, 172, 103, 203, 84, 233, 79, 244, 134, 229, 139, 290, 119, 338, 112, 344, 142, 226, 128, 288, 136, 344, 126, 349
30, 63, 37, 77, 53, 102, 56, 107, 42, 93, 40, 105, 43, 121, 42, 126, 44, 81, 39, 98, 29, 114, 26, 120, 56, 112, 59, 145, 48, 171, 44, 174, 60, 110, 53, 144, 57, 174, 52, 177
83, 141, 96, 165, 125, 211, 130, 220, 105, 194, 103, 218, 110, 248, 110, 257, 108, 172, 99, 203, 79, 233, 75, 244, 130, 229, 136, 290, 113, 338, 106, 344, 138, 226, 127, 290, 137, 342, 126, 349
28, 64, 35, 77, 51, 102, 54, 107, 40, 93, 39, 106, 43, 122, 43, 127, 42, 81, 37, 98, 26, 114, 24, 120, 54, 112, 57, 145, 45, 171, 41, 174, 58, 110, 52, 145, 58, 173, 52, 177
77, 141, 92, 167, 119, 211, 125, 220, 99, 194, 99, 218, 110, 248, 112, 259, 105, 172, 95, 205, 75, 235, 71, 244, 127, 227, 132, 288, 110, 338, 104, 345, 132, 226, 125, 290, 137, 342, 128, 349
25, 64, 33, 78, 48, 102, 51, 107, 37, 93, 37, 106, 43, 122, 44, 128, 40, 81, 35, 99, 24, 115, 22, 120, 52, 111, 55, 144, 43, 171, 40, 175, 55, 110, 51, 145, 58, 173, 53, 177
73, 139, 86, 163, 116, 209, 121, 218, 94, 192, 95, 216, 110, 248, 112, 257, 101, 172, 92, 205, 73, 235, 69, 244, 123, 227, 128, 286, 106, 338, 100, 345, 129, 224, 121, 290, 137, 342, 128, 349
23, 63, 30, 76, 46, 101, 49, 106, 34, 92, 35, 105, 43, 122, 44, 127, 38, 81, 33, 99, 23, 115, 21, 120, 50, 111, 53, 143, 41, 171, 38, 175, 53, 109, 49, 145, 58, 173, 53, 177
70, 139, 83, 163, 112, 209, 118, 218, 90, 191, 94, 216, 110, 248, 112, 257, 97, 172, 88, 205, 69, 235, 68, 246, 118, 227, 125, 286, 102, 340, 97, 345, 125, 224, 119, 290, 137, 342, 130, 349
21, 63, 28, 76, 44, 101, 47, 106, 32, 91, 34, 105, 43, 122, 44, 127, 36, 81, 31, 99, 21, 115, 20, 121, 47, 111, 51, 143, 39, 172, 36, 175, 51, 109, 48, 145, 58, 173, 54, 177
66, 139, 81, 163, 108, 209, 114, 218, 88, 191, 92, 218, 108, 248, 112, 259, 94, 172, 86, 205, 68, 235, 66, 246, 114, 227, 121, 285, 104, 336, 99, 342, 121, 224, 115, 292, 136, 342, 126, 349
19, 63, 27, 76, 42, 101, 45, 106, 31, 91, 33, 106, 42, 122, 44, 128, 34, 81, 30, 99, 20, 115, 19, 121, 45, 111, 49, 142, 40, 170, 37, 173, 49, 109, 46, 146, 57, 173, 52, 177
64, 139, 77, 163, 105, 209, 110, 218, 84, 191, 90, 218, 108, 248, 110, 259, 92, 172, 84, 205, 68, 237, 66, 246, 110, 227, 119, 285, 102, 336, 99, 342, 118, 224, 114, 292, 130, 342, 121, 349
18, 63, 25, 76, 40, 101, 43, 106, 29, 91, 32, 106, 42, 122, 43, 128, 33, 81, 29, 99, 20, 116, 19, 121, 43, 111, 48, 142, 39, 170, 37, 173, 47, 109, 45, 146, 54, 173, 49, 177
62, 139, 75, 163, 103, 209, 106, 218, 83, 191, 88, 218, 106, 250, 110, 259, 88, 172, 82, 205, 66, 237, 64, 246, 106, 227, 117, 285, 102, 334, 97, 342, 114, 224, 106, 292, 121, 340, 108, 349
17, 63, 24, 76, 39, 101, 41, 106, 28, 91, 31, 106, 41, 123, 43, 128, 31, 81, 28, 99, 19, 116, 18, 121, 41, 111, 47, 142, 39, 169, 36, 173, 45, 109, 41, 146, 49, 172, 42, 177
59, 139, 73, 163, 97, 211, 103, 220, 79, 191, 84, 218, 88, 248, 84, 253, 84, 172, 81, 205, 66, 237, 64, 246, 103, 229, 114, 286, 93, 336, 91, 344, 110, 224, 97, 288, 115, 338, 104, 345
15, 63, 23, 76, 36, 102, 39, 107, 26, 91, 29, 106, 31, 122, 29, 125, 29, 81, 27, 99, 19, 116, 18, 121, 39, 112, 45, 143, 34, 170, 33, 174, 43, 109, 36, 144, 46, 171, 40, 175
57, 139, 70, 163, 94, 211, 99, 220, 77, 191, 82, 218, 71, 242, 68, 249, 83, 172, 79, 207, 64, 237, 64, 246, 99, 229, 110, 286, 88, 336, 87, 344, 106, 224, 90, 286, 112, 334, 100, 344
14, 63, 21, 76, 34, 102, 37, 107, 25, 91, 28, 106, 22, 119, 20, 123, 28, 81, 26, 100, 18, 116, 18, 121, 37, 112, 43, 143, 31, 170, 31, 174, 41, 109, 32, 143, 44, 169, 38, 174
55, 139, 68, 165, 92, 211, 95, 220, 73, 191, 81, 218, 56, 238, 51, 244, 79, 172, 77, 207, 62, 237, 62, 246, 95, 231, 106, 286, 82, 338, 84, 345, 103, 226, 84, 284, 110, 331, 99, 342
13, 63, 20, 77, 33, 102, 35, 107, 23, 91, 27, 106, 14, 117, 11, 120, 26, 81, 25, 100, 17, 116, 17, 121, 35, 113, 41, 143, 28, 171, 29, 175, 39, 110, 29, 142, 43, 167, 37, 173
51, 139, 64, 165, 88, 213, 92, 222, 71, 190, 77, 220, 49, 236, 42, 242, 75, 172, 73, 207, 60, 237, 58, 246, 92, 231, 104, 288, 80, 338, 80, 345, 99, 226, 80, 283, 108, 329, 95, 340
11, 63, 18, 77, 31, 103, 33, 108, 22, 91, 25, 107, 10, 116, 6, 119, 24, 81, 23, 100, 16, 116, 15, 121, 33, 113, 40, 144, 27, 171, 27, 175, 37, 110, 27, 141, 42, 166, 35, 172
49, 139, 62, 165, 84, 213, 88, 224, 68, 190, 75, 218, 42, 235, 34, 240, 70, 172, 66, 203, 55, 235, 55, 246, 88, 233, 103, 288, 76, 338, 78, 345, 95, 227, 79, 284, 106, 329, 95, 338
10, 63, 17, 77, 29, 103, 31, 109, 20, 91, 24, 106, 6, 115, 2, 118, 21, 81, 19, 98, 13, 115, 13, 121, 31, 114, 39, 144, 25, 171, 26, 175, 35, 111, 26, 142, 41, 166, 35, 171
49, 148, 64, 174, 81, 216, 86, 226, 68, 194, 73, 224, 38, 233, 31, 236, 70, 178, 55, 201, 53, 235, 53, 244, 82, 237, 99, 288, 75, 338, 75, 345, 94, 229, 79, 286, 104, 329, 99, 338
10, 68, 18, 82, 27, 105, 30, 110, 20, 93, 23, 109, 4, 114, 0, 116, 21, 84, 13, 97, 12, 115, 12, 120, 28, 116, 37, 144, 24, 171, 24, 175, 34, 112, 26, 143, 40, 166, 37, 171
49, 154, 64, 178, 75, 220, 77, 229, 66, 198, 71, 225, 34, 233, 27, 236, 68, 179, 47, 198, 49, 231, 49, 242, 73, 238, 91, 288, 71, 338, 75, 345, 82, 235, 78, 290, 101, 331, 91, 340
10, 71, 18, 84, 24, 107, 25, 112, 19, 95, 22, 110, 2, 114, -2, 116, 20, 85, 9, 95, 10, 113, 10, 119, 23, 117, 33, 144, 22, 171, 24, 175, 28, 115, 26, 145, 38, 167, 33, 172
47, 157, 62, 181, 71, 222, 75, 231, 64, 200, 71, 227, 31, 231, 23, 236, 62, 185, 45, 201, 45, 235, 43, 244, 71, 242, 88, 292, 73, 338, 73, 345, 77, 238, 77, 292, 91, 331, 82, 340
9, 73, 17, 86, 22, 108, 24, 113, 18, 96, 22, 111, 0, 113, -4, 116, 17, 88, 8, 97, 8, 115, 7, 120, 22, 119, 31, 146, 23, 171, 23, 175, 25, 117, 25, 146, 33, 167, 28, 172
47, 161, 62, 183, 68, 225, 68, 235, 64, 202, 69, 229, 29, 231, 21, 236, 57, 189, 45, 214, 44, 240, 42, 251, 66, 244, 82, 296, 71, 340, 71, 345, 68, 240, 73, 292, 82, 332, 71, 342
9, 75, 17, 87, 20, 110, 20, 115, 18, 97, 21, 112, -1, 113, -5, 116, 14, 90, 8, 104, 7, 118, 6, 124, 19, 120, 28, 148, 22, 172, 22, 175, 20, 118, 23, 146, 28, 168, 22, 173
46, 163, 60, 187, 64, 227, 64, 237, 62, 205, 68, 233, 27, 231, 21, 236, 55, 194, 44, 220, 42, 248, 40, 259, 62, 246, 80, 299, 73, 342, 71, 345, 64, 242, 69, 294, 76, 334, 65, 342
8, 76, 16, 89, 18, 111, 18, 116, 17, 99, 20, 114, -2, 113, -5, 116, 13, 93, 7, 107, 6, 122, 5, 128, 17, 121, 27, 150, 23, 173, 22, 175, 18, 119, 21, 147, 25, 169, 19, 173
